;;;;;;;;;;
;;14,9938763;-4,571428571;5,428571429;-4,571428571;-3,571428571;5,428571429;3,428571429;-1,571428571;1,857142857
;;459;61;71;61;62;71;69;64;133
;;;Ïí;Âò;Ñð;×ò;Ïò;Ñá;Âñ;
01.01.14;Âò;;0;0;0;0;0;0;0;0
02.01.14;Ñð;1;0;0;1;0;0;0;0;0
03.01.14;×ò;1;0;0;0;1;0;0;0;0
04.01.14;Ïò;;0;0;0;0;0;0;0;0
05.01.14;Ñá;;0;0;0;0;0;0;0;0
06.01.14;Âñ;;0;0;0;0;0;0;0;0
07.01.14;Ïí;;0;0;0;0;0;0;0;0
08.01.14;Âò;;0;0;0;0;0;0;0;0
09.01.14;Ñð;;0;0;0;0;0;0;0;0
10.01.14;×ò;1;0;0;0;1;0;0;0;0
11.01.14;Ïò;;0;0;0;0;0;0;0;0
12.01.14;Ñá;;0;0;0;0;0;0;0;0
13.01.14;Âñ;;0;0;0;0;0;0;0;0
14.01.14;Ïí;;0;0;0;0;0;0;0;0
15.01.14;Âò;1;0;1;0;0;0;0;0;0
16.01.14;Ñð;1;0;0;1;0;0;0;0;0
17.01.14;×ò;;0;0;0;0;0;0;0;0
18.01.14;Ïò;;0;0;0;0;0;0;0;0
19.01.14;Ñá;;0;0;0;0;0;0;0;0
20.01.14;Âñ;;0;0;0;0;0;0;0;0
21.01.14;Ïí;;0;0;0;0;0;0;0;0
22.01.14;Âò;;0;0;0;0;0;0;0;0
23.01.14;Ñð;;0;0;0;0;0;0;0;0
24.01.14;×ò;;0;0;0;0;0;0;0;0
25.01.14;Ïò;1;0;0;0;0;1;0;0;0
26.01.14;Ñá;1;0;0;0;0;0;1;0;1
27.01.14;Âñ;;0;0;0;0;0;0;0;0
28.01.14;Ïí;;0;0;0;0;0;0;0;0
29.01.14;Âò;;0;0;0;0;0;0;0;0
30.01.14;Ñð;;0;0;0;0;0;0;0;0
31.01.14;×ò;1;0;0;0;1;0;0;0;0
01.02.14;Ïò;;0;0;0;0;0;0;0;0
02.02.14;Ñá;;0;0;0;0;0;0;0;0
03.02.14;Âñ;1;0;0;0;0;0;0;1;1
04.02.14;Ïí;1;1;0;0;0;0;0;0;0
05.02.14;Âò;1;0;1;0;0;0;0;0;0
06.02.14;Ñð;1;0;0;1;0;0;0;0;0
07.02.14;×ò;1;0;0;0;1;0;0;0;0
08.02.14;Ïò;1;0;0;0;0;1;0;0;0
09.02.14;Ñá;1;0;0;0;0;0;1;0;1
10.02.14;Âñ;1;0;0;0;0;0;0;1;1
11.02.14;Ïí;1;1;0;0;0;0;0;0;0
12.02.14;Âò;;0;0;0;0;0;0;0;0
13.02.14;Ñð;1;0;0;1;0;0;0;0;0
14.02.14;×ò;1;0;0;0;1;0;0;0;0
15.02.14;Ïò;;0;0;0;0;0;0;0;0
16.02.14;Ñá;;0;0;0;0;0;0;0;0
17.02.14;Âñ;;0;0;0;0;0;0;0;0
18.02.14;Ïí;;0;0;0;0;0;0;0;0
19.02.14;Âò;;0;0;0;0;0;0;0;0
20.02.14;Ñð;;0;0;0;0;0;0;0;0
21.02.14;×ò;;0;0;0;0;0;0;0;0
22.02.14;Ïò;;0;0;0;0;0;0;0;0
23.02.14;Ñá;;0;0;0;0;0;0;0;0
24.02.14;Âñ;;0;0;0;0;0;0;0;0
25.02.14;Ïí;;0;0;0;0;0;0;0;0
26.02.14;Âò;;0;0;0;0;0;0;0;0
27.02.14;Ñð;;0;0;0;0;0;0;0;0
28.02.14;×ò;;0;0;0;0;0;0;0;0
01.03.14;Ïò;1;0;0;0;0;1;0;0;0
02.03.14;Ñá;;0;0;0;0;0;0;0;0
03.03.14;Âñ;1;0;0;0;0;0;0;1;1
04.03.14;Ïí;;0;0;0;0;0;0;0;0
05.03.14;Âò;;0;0;0;0;0;0;0;0
06.03.14;Ñð;;0;0;0;0;0;0;0;0
07.03.14;×ò;1;0;0;0;1;0;0;0;0
08.03.14;Ïò;;0;0;0;0;0;0;0;0
09.03.14;Ñá;;0;0;0;0;0;0;0;0
10.03.14;Âñ;;0;0;0;0;0;0;0;0
11.03.14;Ïí;;0;0;0;0;0;0;0;0
12.03.14;Âò;;0;0;0;0;0;0;0;0
13.03.14;Ñð;;0;0;0;0;0;0;0;0
14.03.14;×ò;;0;0;0;0;0;0;0;0
15.03.14;Ïò;1;0;0;0;0;1;0;0;0
16.03.14;Ñá;;0;0;0;0;0;0;0;0
17.03.14;Âñ;;0;0;0;0;0;0;0;0
18.03.14;Ïí;;0;0;0;0;0;0;0;0
19.03.14;Âò;;0;0;0;0;0;0;0;0
20.03.14;Ñð;;0;0;0;0;0;0;0;0
21.03.14;×ò;;0;0;0;0;0;0;0;0
22.03.14;Ïò;1;0;0;0;0;1;0;0;0
23.03.14;Ñá;;0;0;0;0;0;0;0;0
24.03.14;Âñ;;0;0;0;0;0;0;0;0
25.03.14;Ïí;;0;0;0;0;0;0;0;0
26.03.14;Âò;;0;0;0;0;0;0;0;0
27.03.14;Ñð;;0;0;0;0;0;0;0;0
28.03.14;×ò;;0;0;0;0;0;0;0;0
29.03.14;Ïò;1;0;0;0;0;1;0;0;0
30.03.14;Ñá;;0;0;0;0;0;0;0;0
31.03.14;Âñ;;0;0;0;0;0;0;0;0
01.04.14;Ïí;;0;0;0;0;0;0;0;0
02.04.14;Âò;;0;0;0;0;0;0;0;0
03.04.14;Ñð;;0;0;0;0;0;0;0;0
04.04.14;×ò;;0;0;0;0;0;0;0;0
05.04.14;Ïò;1;0;0;0;0;1;0;0;0
06.04.14;Ñá;1;0;0;0;0;0;1;0;1
07.04.14;Âñ;;0;0;0;0;0;0;0;0
08.04.14;Ïí;;0;0;0;0;0;0;0;0
09.04.14;Âò;;0;0;0;0;0;0;0;0
10.04.14;Ñð;;0;0;0;0;0;0;0;0
11.04.14;×ò;1;0;0;0;1;0;0;0;0
12.04.14;Ïò;;0;0;0;0;0;0;0;0
13.04.14;Ñá;1;0;0;0;0;0;1;0;1
14.04.14;Âñ;;0;0;0;0;0;0;0;0
15.04.14;Ïí;;0;0;0;0;0;0;0;0
16.04.14;Âò;;0;0;0;0;0;0;0;0
17.04.14;Ñð;1;0;0;1;0;0;0;0;0
18.04.14;×ò;;0;0;0;0;0;0;0;0
19.04.14;Ïò;;0;0;0;0;0;0;0;0
20.04.14;Ñá;1;0;0;0;0;0;1;0;1
21.04.14;Âñ;;0;0;0;0;0;0;0;0
22.04.14;Ïí;;0;0;0;0;0;0;0;0
23.04.14;Âò;;0;0;0;0;0;0;0;0
24.04.14;Ñð;1;0;0;1;0;0;0;0;0
25.04.14;×ò;;0;0;0;0;0;0;0;0
26.04.14;Ïò;;0;0;0;0;0;0;0;0
27.04.14;Ñá;;0;0;0;0;0;0;0;0
28.04.14;Âñ;;0;0;0;0;0;0;0;0
29.04.14;Ïí;;0;0;0;0;0;0;0;0
30.04.14;Âò;;0;0;0;0;0;0;0;0
01.05.14;Ñð;;0;0;0;0;0;0;0;0
02.05.14;×ò;;0;0;0;0;0;0;0;0
03.05.14;Ïò;;0;0;0;0;0;0;0;0
04.05.14;Ñá;;0;0;0;0;0;0;0;0
05.05.14;Âñ;;0;0;0;0;0;0;0;0
06.05.14;Ïí;;0;0;0;0;0;0;0;0
07.05.14;Âò;1;0;1;0;0;0;0;0;0
08.05.14;Ñð;;0;0;0;0;0;0;0;0
09.05.14;×ò;;0;0;0;0;0;0;0;0
10.05.14;Ïò;;0;0;0;0;0;0;0;0
11.05.14;Ñá;;0;0;0;0;0;0;0;0
12.05.14;Âñ;;0;0;0;0;0;0;0;0
13.05.14;Ïí;;0;0;0;0;0;0;0;0
14.05.14;Âò;;0;0;0;0;0;0;0;0
15.05.14;Ñð;;0;0;0;0;0;0;0;0
16.05.14;×ò;;0;0;0;0;0;0;0;0
17.05.14;Ïò;1;0;0;0;0;1;0;0;0
18.05.14;Ñá;1;0;0;0;0;0;1;0;1
19.05.14;Âñ;1;0;0;0;0;0;0;1;1
20.05.14;Ïí;1;1;0;0;0;0;0;0;0
21.05.14;Âò;1;0;1;0;0;0;0;0;0
22.05.14;Ñð;1;0;0;1;0;0;0;0;0
23.05.14;×ò;;0;0;0;0;0;0;0;0
24.05.14;Ïò;1;0;0;0;0;1;0;0;0
25.05.14;Ñá;;0;0;0;0;0;0;0;0
26.05.14;Âñ;;0;0;0;0;0;0;0;0
27.05.14;Ïí;;0;0;0;0;0;0;0;0
28.05.14;Âò;;0;0;0;0;0;0;0;0
29.05.14;Ñð;;0;0;0;0;0;0;0;0
30.05.14;×ò;;0;0;0;0;0;0;0;0
31.05.14;Ïò;1;0;0;0;0;1;0;0;0
01.06.14;Ñá;1;0;0;0;0;0;1;0;1
02.06.14;Âñ;1;0;0;0;0;0;0;1;1
03.06.14;Ïí;;0;0;0;0;0;0;0;0
04.06.14;Âò;;0;0;0;0;0;0;0;0
05.06.14;Ñð;;0;0;0;0;0;0;0;0
06.06.14;×ò;;0;0;0;0;0;0;0;0
07.06.14;Ïò;;0;0;0;0;0;0;0;0
08.06.14;Ñá;;0;0;0;0;0;0;0;0
09.06.14;Âñ;;0;0;0;0;0;0;0;0
10.06.14;Ïí;1;1;0;0;0;0;0;0;0
11.06.14;Âò;;0;0;0;0;0;0;0;0
12.06.14;Ñð;;0;0;0;0;0;0;0;0
13.06.14;×ò;;0;0;0;0;0;0;0;0
14.06.14;Ïò;;0;0;0;0;0;0;0;0
15.06.14;Ñá;;0;0;0;0;0;0;0;0
16.06.14;Âñ;;0;0;0;0;0;0;0;0
17.06.14;Ïí;;0;0;0;0;0;0;0;0
18.06.14;Âò;;0;0;0;0;0;0;0;0
19.06.14;Ñð;;0;0;0;0;0;0;0;0
20.06.14;×ò;;0;0;0;0;0;0;0;0
21.06.14;Ïò;;0;0;0;0;0;0;0;0
22.06.14;Ñá;;0;0;0;0;0;0;0;0
23.06.14;Âñ;;0;0;0;0;0;0;0;0
24.06.14;Ïí;;0;0;0;0;0;0;0;0
25.06.14;Âò;1;0;1;0;0;0;0;0;0
26.06.14;Ñð;;0;0;0;0;0;0;0;0
27.06.14;×ò;;0;0;0;0;0;0;0;0
28.06.14;Ïò;;0;0;0;0;0;0;0;0
29.06.14;Ñá;;0;0;0;0;0;0;0;0
30.06.14;Âñ;;0;0;0;0;0;0;0;0
01.07.14;Ïí;;0;0;0;0;0;0;0;0
02.07.14;Âò;;0;0;0;0;0;0;0;0
03.07.14;Ñð;;0;0;0;0;0;0;0;0
04.07.14;×ò;;0;0;0;0;0;0;0;0
05.07.14;Ïò;;0;0;0;0;0;0;0;0
06.07.14;Ñá;;0;0;0;0;0;0;0;0
07.07.14;Âñ;;0;0;0;0;0;0;0;0
08.07.14;Ïí;;0;0;0;0;0;0;0;0
09.07.14;Âò;;0;0;0;0;0;0;0;0
10.07.14;Ñð;;0;0;0;0;0;0;0;0
11.07.14;×ò;;0;0;0;0;0;0;0;0
12.07.14;Ïò;1;0;0;0;0;1;0;0;0
13.07.14;Ñá;1;0;0;0;0;0;1;0;1
14.07.14;Âñ;;0;0;0;0;0;0;0;0
15.07.14;Ïí;;0;0;0;0;0;0;0;0
16.07.14;Âò;;0;0;0;0;0;0;0;0
17.07.14;Ñð;;0;0;0;0;0;0;0;0
18.07.14;×ò;;0;0;0;0;0;0;0;0
19.07.14;Ïò;1;0;0;0;0;1;0;0;0
20.07.14;Ñá;;0;0;0;0;0;0;0;0
21.07.14;Âñ;;0;0;0;0;0;0;0;0
22.07.14;Ïí;;0;0;0;0;0;0;0;0
23.07.14;Âò;;0;0;0;0;0;0;0;0
24.07.14;Ñð;1;0;0;1;0;0;0;0;0
25.07.14;×ò;1;0;0;0;1;0;0;0;0
26.07.14;Ïò;;0;0;0;0;0;0;0;0
27.07.14;Ñá;;0;0;0;0;0;0;0;0
28.07.14;Âñ;;0;0;0;0;0;0;0;0
29.07.14;Ïí;1;1;0;0;0;0;0;0;0
30.07.14;Âò;;0;0;0;0;0;0;0;0
31.07.14;Ñð;;0;0;0;0;0;0;0;0
01.08.14;×ò;1;0;0;0;1;0;0;0;0
02.08.14;Ïò;;0;0;0;0;0;0;0;0
03.08.14;Ñá;1;0;0;0;0;0;1;0;1
04.08.14;Âñ;1;0;0;0;0;0;0;1;1
05.08.14;Ïí;;0;0;0;0;0;0;0;0
06.08.14;Âò;;0;0;0;0;0;0;0;0
07.08.14;Ñð;;0;0;0;0;0;0;0;0
08.08.14;×ò;;0;0;0;0;0;0;0;0
09.08.14;Ïò;1;0;0;0;0;1;0;0;0
10.08.14;Ñá;;0;0;0;0;0;0;0;0
11.08.14;Âñ;;0;0;0;0;0;0;0;0
12.08.14;Ïí;;0;0;0;0;0;0;0;0
13.08.14;Âò;;0;0;0;0;0;0;0;0
14.08.14;Ñð;;0;0;0;0;0;0;0;0
15.08.14;×ò;1;0;0;0;1;0;0;0;0
16.08.14;Ïò;;0;0;0;0;0;0;0;0
17.08.14;Ñá;;0;0;0;0;0;0;0;0
18.08.14;Âñ;;0;0;0;0;0;0;0;0
19.08.14;Ïí;;0;0;0;0;0;0;0;0
20.08.14;Âò;;0;0;0;0;0;0;0;0
21.08.14;Ñð;;0;0;0;0;0;0;0;0
22.08.14;×ò;;0;0;0;0;0;0;0;0
23.08.14;Ïò;1;0;0;0;0;1;0;0;0
24.08.14;Ñá;1;0;0;0;0;0;1;0;1
25.08.14;Âñ;;0;0;0;0;0;0;0;0
26.08.14;Ïí;;0;0;0;0;0;0;0;0
27.08.14;Âò;;0;0;0;0;0;0;0;0
28.08.14;Ñð;;0;0;0;0;0;0;0;0
29.08.14;×ò;;0;0;0;0;0;0;0;0
30.08.14;Ïò;;0;0;0;0;0;0;0;0
31.08.14;Ñá;;0;0;0;0;0;0;0;0
01.09.14;Âñ;;0;0;0;0;0;0;0;0
02.09.14;Ïí;;0;0;0;0;0;0;0;0
03.09.14;Âò;;0;0;0;0;0;0;0;0
04.09.14;Ñð;;0;0;0;0;0;0;0;0
05.09.14;×ò;;0;0;0;0;0;0;0;0
06.09.14;Ïò;;0;0;0;0;0;0;0;0
07.09.14;Ñá;;0;0;0;0;0;0;0;0
08.09.14;Âñ;;0;0;0;0;0;0;0;0
09.09.14;Ïí;;0;0;0;0;0;0;0;0
10.09.14;Âò;;0;0;0;0;0;0;0;0
11.09.14;Ñð;;0;0;0;0;0;0;0;0
12.09.14;×ò;;0;0;0;0;0;0;0;0
13.09.14;Ïò;;0;0;0;0;0;0;0;0
14.09.14;Ñá;;0;0;0;0;0;0;0;0
15.09.14;Âñ;;0;0;0;0;0;0;0;0
16.09.14;Ïí;;0;0;0;0;0;0;0;0
17.09.14;Âò;;0;0;0;0;0;0;0;0
18.09.14;Ñð;;0;0;0;0;0;0;0;0
19.09.14;×ò;1;0;0;0;1;0;0;0;0
20.09.14;Ïò;;0;0;0;0;0;0;0;0
21.09.14;Ñá;1;0;0;0;0;0;1;0;1
22.09.14;Âñ;;0;0;0;0;0;0;0;0
23.09.14;Ïí;;0;0;0;0;0;0;0;0
24.09.14;Âò;;0;0;0;0;0;0;0;0
25.09.14;Ñð;;0;0;0;0;0;0;0;0
26.09.14;×ò;1;0;0;0;1;0;0;0;0
27.09.14;Ïò;;0;0;0;0;0;0;0;0
28.09.14;Ñá;;0;0;0;0;0;0;0;0
29.09.14;Âñ;;0;0;0;0;0;0;0;0
30.09.14;Ïí;1;1;0;0;0;0;0;0;0
01.10.14;Âò;1;0;1;0;0;0;0;0;0
02.10.14;Ñð;;0;0;0;0;0;0;0;0
03.10.14;×ò;;0;0;0;0;0;0;0;0
04.10.14;Ïò;1;0;0;0;0;1;0;0;0
05.10.14;Ñá;;0;0;0;0;0;0;0;0
06.10.14;Âñ;;0;0;0;0;0;0;0;0
07.10.14;Ïí;1;1;0;0;0;0;0;0;0
08.10.14;Âò;1;0;1;0;0;0;0;0;0
09.10.14;Ñð;;0;0;0;0;0;0;0;0
10.10.14;×ò;;0;0;0;0;0;0;0;0
11.10.14;Ïò;;0;0;0;0;0;0;0;0
12.10.14;Ñá;;0;0;0;0;0;0;0;0
13.10.14;Âñ;1;0;0;0;0;0;0;1;1
14.10.14;Ïí;;0;0;0;0;0;0;0;0
15.10.14;Âò;;0;0;0;0;0;0;0;0
16.10.14;Ñð;;0;0;0;0;0;0;0;0
17.10.14;×ò;;0;0;0;0;0;0;0;0
18.10.14;Ïò;1;0;0;0;0;1;0;0;0
19.10.14;Ñá;;0;0;0;0;0;0;0;0
20.10.14;Âñ;;0;0;0;0;0;0;0;0
21.10.14;Ïí;1;1;0;0;0;0;0;0;0
22.10.14;Âò;;0;0;0;0;0;0;0;0
23.10.14;Ñð;1;0;0;1;0;0;0;0;0
24.10.14;×ò;;0;0;0;0;0;0;0;0
25.10.14;Ïò;;0;0;0;0;0;0;0;0
26.10.14;Ñá;;0;0;0;0;0;0;0;0
27.10.14;Âñ;;0;0;0;0;0;0;0;0
28.10.14;Ïí;1;1;0;0;0;0;0;0;0
29.10.14;Âò;1;0;1;0;0;0;0;0;0
30.10.14;Ñð;1;0;0;1;0;0;0;0;0
31.10.14;×ò;;0;0;0;0;0;0;0;0
01.11.14;Ïò;;0;0;0;0;0;0;0;0
02.11.14;Ñá;;0;0;0;0;0;0;0;0
03.11.14;Âñ;1;0;0;0;0;0;0;1;1
04.11.14;Ïí;;0;0;0;0;0;0;0;0
05.11.14;Âò;;0;0;0;0;0;0;0;0
06.11.14;Ñð;1;0;0;1;0;0;0;0;0
07.11.14;×ò;1;0;0;0;1;0;0;0;0
08.11.14;Ïò;;0;0;0;0;0;0;0;0
09.11.14;Ñá;;0;0;0;0;0;0;0;0
10.11.14;Âñ;;0;0;0;0;0;0;0;0
11.11.14;Ïí;;0;0;0;0;0;0;0;0
12.11.14;Âò;;0;0;0;0;0;0;0;0
13.11.14;Ñð;;0;0;0;0;0;0;0;0
14.11.14;×ò;1;0;0;0;1;0;0;0;0
15.11.14;Ïò;;0;0;0;0;0;0;0;0
16.11.14;Ñá;;0;0;0;0;0;0;0;0
17.11.14;Âñ;;0;0;0;0;0;0;0;0
18.11.14;Ïí;;0;0;0;0;0;0;0;0
19.11.14;Âò;;0;0;0;0;0;0;0;0
20.11.14;Ñð;;0;0;0;0;0;0;0;0
21.11.14;×ò;;0;0;0;0;0;0;0;0
22.11.14;Ïò;;0;0;0;0;0;0;0;0
23.11.14;Ñá;1;0;0;0;0;0;1;0;1
24.11.14;Âñ;;0;0;0;0;0;0;0;0
25.11.14;Ïí;;0;0;0;0;0;0;0;0
26.11.14;Âò;;0;0;0;0;0;0;0;0
27.11.14;Ñð;;0;0;0;0;0;0;0;0
28.11.14;×ò;;0;0;0;0;0;0;0;0
29.11.14;Ïò;;0;0;0;0;0;0;0;0
30.11.14;Ñá;;0;0;0;0;0;0;0;0
01.12.14;Âñ;;0;0;0;0;0;0;0;0
02.12.14;Ïí;;0;0;0;0;0;0;0;0
03.12.14;Âò;1;0;1;0;0;0;0;0;0
04.12.14;Ñð;;0;0;0;0;0;0;0;0
05.12.14;×ò;;0;0;0;0;0;0;0;0
06.12.14;Ïò;1;0;0;0;0;1;0;0;0
07.12.14;Ñá;;0;0;0;0;0;0;0;0
08.12.14;Âñ;;0;0;0;0;0;0;0;0
09.12.14;Ïí;;0;0;0;0;0;0;0;0
10.12.14;Âò;;0;0;0;0;0;0;0;0
11.12.14;Ñð;;0;0;0;0;0;0;0;0
12.12.14;×ò;1;0;0;0;1;0;0;0;0
13.12.14;Ïò;;0;0;0;0;0;0;0;0
14.12.14;Ñá;;0;0;0;0;0;0;0;0
15.12.14;Âñ;;0;0;0;0;0;0;0;0
16.12.14;Ïí;;0;0;0;0;0;0;0;0
17.12.14;Âò;;0;0;0;0;0;0;0;0
18.12.14;Ñð;;0;0;0;0;0;0;0;0
19.12.14;×ò;;0;0;0;0;0;0;0;0
20.12.14;Ïò;;0;0;0;0;0;0;0;0
21.12.14;Ñá;1;0;0;0;0;0;1;0;1
22.12.14;Âñ;;0;0;0;0;0;0;0;0
23.12.14;Ïí;1;1;0;0;0;0;0;0;0
24.12.14;Âò;;0;0;0;0;0;0;0;0
25.12.14;Ñð;;0;0;0;0;0;0;0;0
26.12.14;×ò;1;0;0;0;1;0;0;0;0
27.12.14;Ïò;;0;0;0;0;0;0;0;0
28.12.14;Ñá;;0;0;0;0;0;0;0;0
29.12.14;Âñ;;0;0;0;0;0;0;0;0
30.12.14;Ïí;;0;0;0;0;0;0;0;0
31.12.14;Âò;;0;0;0;0;0;0;0;0
01.01.15;Ñð;;0;0;0;0;0;0;0;0
02.01.15;×ò;;0;0;0;0;0;0;0;0
03.01.15;Ïò;;0;0;0;0;0;0;0;0
04.01.15;Ñá;;0;0;0;0;0;0;0;0
05.01.15;Âñ;1;0;0;0;0;0;0;1;1
06.01.15;Ïí;1;1;0;0;0;0;0;0;0
07.01.15;Âò;;0;0;0;0;0;0;0;0
08.01.15;Ñð;1;0;0;1;0;0;0;0;0
09.01.15;×ò;1;0;0;0;1;0;0;0;0
10.01.15;Ïò;;0;0;0;0;0;0;0;0
11.01.15;Ñá;;0;0;0;0;0;0;0;0
12.01.15;Âñ;;0;0;0;0;0;0;0;0
13.01.15;Ïí;;0;0;0;0;0;0;0;0
14.01.15;Âò;;0;0;0;0;0;0;0;0
15.01.15;Ñð;1;0;0;1;0;0;0;0;0
16.01.15;×ò;;0;0;0;0;0;0;0;0
17.01.15;Ïò;1;0;0;0;0;1;0;0;0
18.01.15;Ñá;;0;0;0;0;0;0;0;0
19.01.15;Âñ;1;0;0;0;0;0;0;1;1
20.01.15;Ïí;1;1;0;0;0;0;0;0;0
21.01.15;Âò;;0;0;0;0;0;0;0;0
22.01.15;Ñð;;0;0;0;0;0;0;0;0
23.01.15;×ò;;0;0;0;0;0;0;0;0
24.01.15;Ïò;;0;0;0;0;0;0;0;0
25.01.15;Ñá;;0;0;0;0;0;0;0;0
26.01.15;Âñ;;0;0;0;0;0;0;0;0
27.01.15;Ïí;1;1;0;0;0;0;0;0;0
28.01.15;Âò;1;0;1;0;0;0;0;0;0
29.01.15;Ñð;;0;0;0;0;0;0;0;0
30.01.15;×ò;;0;0;0;0;0;0;0;0
31.01.15;Ïò;;0;0;0;0;0;0;0;0
01.02.15;Ñá;;0;0;0;0;0;0;0;0
02.02.15;Âñ;1;0;0;0;0;0;0;1;1
03.02.15;Ïí;1;1;0;0;0;0;0;0;0
04.02.15;Âò;1;0;1;0;0;0;0;0;0
05.02.15;Ñð;;0;0;0;0;0;0;0;0
06.02.15;×ò;;0;0;0;0;0;0;0;0
07.02.15;Ïò;;0;0;0;0;0;0;0;0
08.02.15;Ñá;1;0;0;0;0;0;1;0;1
09.02.15;Âñ;;0;0;0;0;0;0;0;0
10.02.15;Ïí;1;1;0;0;0;0;0;0;0
11.02.15;Âò;1;0;1;0;0;0;0;0;0
12.02.15;Ñð;;0;0;0;0;0;0;0;0
13.02.15;×ò;1;0;0;0;1;0;0;0;0
14.02.15;Ïò;1;0;0;0;0;1;0;0;0
15.02.15;Ñá;1;0;0;0;0;0;1;0;1
16.02.15;Âñ;;0;0;0;0;0;0;0;0
17.02.15;Ïí;;0;0;0;0;0;0;0;0
18.02.15;Âò;;0;0;0;0;0;0;0;0
19.02.15;Ñð;;0;0;0;0;0;0;0;0
20.02.15;×ò;;0;0;0;0;0;0;0;0
21.02.15;Ïò;;0;0;0;0;0;0;0;0
22.02.15;Ñá;;0;0;0;0;0;0;0;0
23.02.15;Âñ;;0;0;0;0;0;0;0;0
24.02.15;Ïí;;0;0;0;0;0;0;0;0
25.02.15;Âò;;0;0;0;0;0;0;0;0
26.02.15;Ñð;;0;0;0;0;0;0;0;0
27.02.15;×ò;;0;0;0;0;0;0;0;0
28.02.15;Ïò;;0;0;0;0;0;0;0;0
01.03.15;Ñá;;0;0;0;0;0;0;0;0
02.03.15;Âñ;;0;0;0;0;0;0;0;0
03.03.15;Ïí;1;1;0;0;0;0;0;0;0
04.03.15;Âò;;0;0;0;0;0;0;0;0
05.03.15;Ñð;1;0;0;1;0;0;0;0;0
06.03.15;×ò;;0;0;0;0;0;0;0;0
07.03.15;Ïò;;0;0;0;0;0;0;0;0
08.03.15;Ñá;;0;0;0;0;0;0;0;0
09.03.15;Âñ;;0;0;0;0;0;0;0;0
10.03.15;Ïí;;0;0;0;0;0;0;0;0
11.03.15;Âò;1;0;1;0;0;0;0;0;0
12.03.15;Ñð;1;0;0;1;0;0;0;0;0
13.03.15;×ò;;0;0;0;0;0;0;0;0
14.03.15;Ïò;;0;0;0;0;0;0;0;0
15.03.15;Ñá;;0;0;0;0;0;0;0;0
16.03.15;Âñ;;0;0;0;0;0;0;0;0
17.03.15;Ïí;;0;0;0;0;0;0;0;0
18.03.15;Âò;1;0;1;0;0;0;0;0;0
19.03.15;Ñð;1;0;0;1;0;0;0;0;0
20.03.15;×ò;1;0;0;0;1;0;0;0;0
21.03.15;Ïò;;0;0;0;0;0;0;0;0
22.03.15;Ñá;;0;0;0;0;0;0;0;0
23.03.15;Âñ;;0;0;0;0;0;0;0;0
24.03.15;Ïí;;0;0;0;0;0;0;0;0
25.03.15;Âò;1;0;1;0;0;0;0;0;0
26.03.15;Ñð;;0;0;0;0;0;0;0;0
27.03.15;×ò;;0;0;0;0;0;0;0;0
28.03.15;Ïò;;0;0;0;0;0;0;0;0
29.03.15;Ñá;;0;0;0;0;0;0;0;0
30.03.15;Âñ;;0;0;0;0;0;0;0;0
31.03.15;Ïí;;0;0;0;0;0;0;0;0
01.04.15;Âò;1;0;1;0;0;0;0;0;0
02.04.15;Ñð;;0;0;0;0;0;0;0;0
03.04.15;×ò;;0;0;0;0;0;0;0;0
04.04.15;Ïò;1;0;0;0;0;1;0;0;0
05.04.15;Ñá;;0;0;0;0;0;0;0;0
06.04.15;Âñ;;0;0;0;0;0;0;0;0
07.04.15;Ïí;1;1;0;0;0;0;0;0;0
08.04.15;Âò;;0;0;0;0;0;0;0;0
09.04.15;Ñð;;0;0;0;0;0;0;0;0
10.04.15;×ò;;0;0;0;0;0;0;0;0
11.04.15;Ïò;;0;0;0;0;0;0;0;0
12.04.15;Ñá;;0;0;0;0;0;0;0;0
13.04.15;Âñ;1;0;0;0;0;0;0;1;1
14.04.15;Ïí;;0;0;0;0;0;0;0;0
15.04.15;Âò;1;0;1;0;0;0;0;0;0
16.04.15;Ñð;;0;0;0;0;0;0;0;0
17.04.15;×ò;;0;0;0;0;0;0;0;0
18.04.15;Ïò;;0;0;0;0;0;0;0;0
19.04.15;Ñá;;0;0;0;0;0;0;0;0
20.04.15;Âñ;;0;0;0;0;0;0;0;0
21.04.15;Ïí;1;1;0;0;0;0;0;0;0
22.04.15;Âò;1;0;1;0;0;0;0;0;0
23.04.15;Ñð;;0;0;0;0;0;0;0;0
24.04.15;×ò;;0;0;0;0;0;0;0;0
25.04.15;Ïò;;0;0;0;0;0;0;0;0
26.04.15;Ñá;;0;0;0;0;0;0;0;0
27.04.15;Âñ;;0;0;0;0;0;0;0;0
28.04.15;Ïí;;0;0;0;0;0;0;0;0
29.04.15;Âò;;0;0;0;0;0;0;0;0
30.04.15;Ñð;;0;0;0;0;0;0;0;0
01.05.15;×ò;1;0;0;0;1;0;0;0;0
02.05.15;Ïò;;0;0;0;0;0;0;0;0
03.05.15;Ñá;;0;0;0;0;0;0;0;0
04.05.15;Âñ;;0;0;0;0;0;0;0;0
05.05.15;Ïí;;0;0;0;0;0;0;0;0
06.05.15;Âò;1;0;1;0;0;0;0;0;0
07.05.15;Ñð;1;0;0;1;0;0;0;0;0
08.05.15;×ò;;0;0;0;0;0;0;0;0
09.05.15;Ïò;;0;0;0;0;0;0;0;0
10.05.15;Ñá;;0;0;0;0;0;0;0;0
11.05.15;Âñ;1;0;0;0;0;0;0;1;1
12.05.15;Ïí;;0;0;0;0;0;0;0;0
13.05.15;Âò;;0;0;0;0;0;0;0;0
14.05.15;Ñð;;0;0;0;0;0;0;0;0
15.05.15;×ò;;0;0;0;0;0;0;0;0
16.05.15;Ïò;;0;0;0;0;0;0;0;0
17.05.15;Ñá;;0;0;0;0;0;0;0;0
18.05.15;Âñ;;0;0;0;0;0;0;0;0
19.05.15;Ïí;;0;0;0;0;0;0;0;0
20.05.15;Âò;;0;0;0;0;0;0;0;0
21.05.15;Ñð;1;0;0;1;0;0;0;0;0
22.05.15;×ò;;0;0;0;0;0;0;0;0
23.05.15;Ïò;;0;0;0;0;0;0;0;0
24.05.15;Ñá;;0;0;0;0;0;0;0;0
25.05.15;Âñ;;0;0;0;0;0;0;0;0
26.05.15;Ïí;;0;0;0;0;0;0;0;0
27.05.15;Âò;;0;0;0;0;0;0;0;0
28.05.15;Ñð;;0;0;0;0;0;0;0;0
29.05.15;×ò;;0;0;0;0;0;0;0;0
30.05.15;Ïò;;0;0;0;0;0;0;0;0
31.05.15;Ñá;1;0;0;0;0;0;1;0;1
01.06.15;Âñ;1;0;0;0;0;0;0;1;1
02.06.15;Ïí;;0;0;0;0;0;0;0;0
03.06.15;Âò;;0;0;0;0;0;0;0;0
04.06.15;Ñð;;0;0;0;0;0;0;0;0
05.06.15;×ò;;0;0;0;0;0;0;0;0
06.06.15;Ïò;;0;0;0;0;0;0;0;0
07.06.15;Ñá;;0;0;0;0;0;0;0;0
08.06.15;Âñ;;0;0;0;0;0;0;0;0
09.06.15;Ïí;;0;0;0;0;0;0;0;0
10.06.15;Âò;;0;0;0;0;0;0;0;0
11.06.15;Ñð;;0;0;0;0;0;0;0;0
12.06.15;×ò;;0;0;0;0;0;0;0;0
13.06.15;Ïò;1;0;0;0;0;1;0;0;0
14.06.15;Ñá;;0;0;0;0;0;0;0;0
15.06.15;Âñ;1;0;0;0;0;0;0;1;1
16.06.15;Ïí;;0;0;0;0;0;0;0;0
17.06.15;Âò;1;0;1;0;0;0;0;0;0
18.06.15;Ñð;;0;0;0;0;0;0;0;0
19.06.15;×ò;;0;0;0;0;0;0;0;0
20.06.15;Ïò;1;0;0;0;0;1;0;0;0
21.06.15;Ñá;1;0;0;0;0;0;1;0;1
22.06.15;Âñ;1;0;0;0;0;0;0;1;1
23.06.15;Ïí;1;1;0;0;0;0;0;0;0
24.06.15;Âò;1;0;1;0;0;0;0;0;0
25.06.15;Ñð;1;0;0;1;0;0;0;0;0
26.06.15;×ò;1;0;0;0;1;0;0;0;0
27.06.15;Ïò;1;0;0;0;0;1;0;0;0
28.06.15;Ñá;1;0;0;0;0;0;1;0;1
29.06.15;Âñ;1;0;0;0;0;0;0;1;1
30.06.15;Ïí;1;1;0;0;0;0;0;0;0
01.07.15;Âò;;0;0;0;0;0;0;0;0
02.07.15;Ñð;1;0;0;1;0;0;0;0;0
03.07.15;×ò;1;0;0;0;1;0;0;0;0
04.07.15;Ïò;;0;0;0;0;0;0;0;0
05.07.15;Ñá;;0;0;0;0;0;0;0;0
06.07.15;Âñ;;0;0;0;0;0;0;0;0
07.07.15;Ïí;1;1;0;0;0;0;0;0;0
08.07.15;Âò;;0;0;0;0;0;0;0;0
09.07.15;Ñð;;0;0;0;0;0;0;0;0
10.07.15;×ò;1;0;0;0;1;0;0;0;0
11.07.15;Ïò;;0;0;0;0;0;0;0;0
12.07.15;Ñá;;0;0;0;0;0;0;0;0
13.07.15;Âñ;;0;0;0;0;0;0;0;0
14.07.15;Ïí;;0;0;0;0;0;0;0;0
15.07.15;Âò;;0;0;0;0;0;0;0;0
16.07.15;Ñð;;0;0;0;0;0;0;0;0
17.07.15;×ò;;0;0;0;0;0;0;0;0
18.07.15;Ïò;;0;0;0;0;0;0;0;0
19.07.15;Ñá;;0;0;0;0;0;0;0;0
20.07.15;Âñ;;0;0;0;0;0;0;0;0
21.07.15;Ïí;;0;0;0;0;0;0;0;0
22.07.15;Âò;;0;0;0;0;0;0;0;0
23.07.15;Ñð;;0;0;0;0;0;0;0;0
24.07.15;×ò;;0;0;0;0;0;0;0;0
25.07.15;Ïò;;0;0;0;0;0;0;0;0
26.07.15;Ñá;;0;0;0;0;0;0;0;0
27.07.15;Âñ;;0;0;0;0;0;0;0;0
28.07.15;Ïí;;0;0;0;0;0;0;0;0
29.07.15;Âò;;0;0;0;0;0;0;0;0
30.07.15;Ñð;;0;0;0;0;0;0;0;0
31.07.15;×ò;1;0;0;0;1;0;0;0;0
01.08.15;Ïò;1;0;0;0;0;1;0;0;0
02.08.15;Ñá;;0;0;0;0;0;0;0;0
03.08.15;Âñ;;0;0;0;0;0;0;0;0
04.08.15;Ïí;;0;0;0;0;0;0;0;0
05.08.15;Âò;;0;0;0;0;0;0;0;0
06.08.15;Ñð;1;0;0;1;0;0;0;0;0
07.08.15;×ò;1;0;0;0;1;0;0;0;0
08.08.15;Ïò;;0;0;0;0;0;0;0;0
09.08.15;Ñá;;0;0;0;0;0;0;0;0
10.08.15;Âñ;;0;0;0;0;0;0;0;0
11.08.15;Ïí;;0;0;0;0;0;0;0;0
12.08.15;Âò;;0;0;0;0;0;0;0;0
13.08.15;Ñð;;0;0;0;0;0;0;0;0
14.08.15;×ò;;0;0;0;0;0;0;0;0
15.08.15;Ïò;;0;0;0;0;0;0;0;0
16.08.15;Ñá;;0;0;0;0;0;0;0;0
17.08.15;Âñ;;0;0;0;0;0;0;0;0
18.08.15;Ïí;;0;0;0;0;0;0;0;0
19.08.15;Âò;;0;0;0;0;0;0;0;0
20.08.15;Ñð;;0;0;0;0;0;0;0;0
21.08.15;×ò;;0;0;0;0;0;0;0;0
22.08.15;Ïò;1;0;0;0;0;1;0;0;0
23.08.15;Ñá;1;0;0;0;0;0;1;0;1
24.08.15;Âñ;1;0;0;0;0;0;0;1;1
25.08.15;Ïí;;0;0;0;0;0;0;0;0
26.08.15;Âò;;0;0;0;0;0;0;0;0
27.08.15;Ñð;1;0;0;1;0;0;0;0;0
28.08.15;×ò;1;0;0;0;1;0;0;0;0
29.08.15;Ïò;1;0;0;0;0;1;0;0;0
30.08.15;Ñá;1;0;0;0;0;0;1;0;1
31.08.15;Âñ;;0;0;0;0;0;0;0;0
01.09.15;Ïí;;0;0;0;0;0;0;0;0
02.09.15;Âò;;0;0;0;0;0;0;0;0
03.09.15;Ñð;;0;0;0;0;0;0;0;0
04.09.15;×ò;1;0;0;0;1;0;0;0;0
05.09.15;Ïò;1;0;0;0;0;1;0;0;0
06.09.15;Ñá;;0;0;0;0;0;0;0;0
07.09.15;Âñ;;0;0;0;0;0;0;0;0
08.09.15;Ïí;;0;0;0;0;0;0;0;0
09.09.15;Âò;;0;0;0;0;0;0;0;0
10.09.15;Ñð;;0;0;0;0;0;0;0;0
11.09.15;×ò;;0;0;0;0;0;0;0;0
12.09.15;Ïò;1;0;0;0;0;1;0;0;0
13.09.15;Ñá;;0;0;0;0;0;0;0;0
14.09.15;Âñ;;0;0;0;0;0;0;0;0
15.09.15;Ïí;;0;0;0;0;0;0;0;0
16.09.15;Âò;;0;0;0;0;0;0;0;0
17.09.15;Ñð;;0;0;0;0;0;0;0;0
18.09.15;×ò;;0;0;0;0;0;0;0;0
19.09.15;Ïò;;0;0;0;0;0;0;0;0
20.09.15;Ñá;;0;0;0;0;0;0;0;0
21.09.15;Âñ;1;0;0;0;0;0;0;1;1
22.09.15;Ïí;;0;0;0;0;0;0;0;0
23.09.15;Âò;;0;0;0;0;0;0;0;0
24.09.15;Ñð;;0;0;0;0;0;0;0;0
25.09.15;×ò;;0;0;0;0;0;0;0;0
26.09.15;Ïò;;0;0;0;0;0;0;0;0
27.09.15;Ñá;;0;0;0;0;0;0;0;0
28.09.15;Âñ;1;0;0;0;0;0;0;1;1
29.09.15;Ïí;1;1;0;0;0;0;0;0;0
30.09.15;Âò;1;0;1;0;0;0;0;0;0
01.10.15;Ñð;1;0;0;1;0;0;0;0;0
02.10.15;×ò;;0;0;0;0;0;0;0;0
03.10.15;Ïò;1;0;0;0;0;1;0;0;0
04.10.15;Ñá;1;0;0;0;0;0;1;0;1
05.10.15;Âñ;;0;0;0;0;0;0;0;0
06.10.15;Ïí;;0;0;0;0;0;0;0;0
07.10.15;Âò;;0;0;0;0;0;0;0;0
08.10.15;Ñð;;0;0;0;0;0;0;0;0
09.10.15;×ò;;0;0;0;0;0;0;0;0
10.10.15;Ïò;;0;0;0;0;0;0;0;0
11.10.15;Ñá;1;0;0;0;0;0;1;0;1
12.10.15;Âñ;1;0;0;0;0;0;0;1;1
13.10.15;Ïí;;0;0;0;0;0;0;0;0
14.10.15;Âò;1;0;1;0;0;0;0;0;0
15.10.15;Ñð;;0;0;0;0;0;0;0;0
16.10.15;×ò;;0;0;0;0;0;0;0;0
17.10.15;Ïò;;0;0;0;0;0;0;0;0
18.10.15;Ñá;;0;0;0;0;0;0;0;0
19.10.15;Âñ;;0;0;0;0;0;0;0;0
20.10.15;Ïí;;0;0;0;0;0;0;0;0
21.10.15;Âò;;0;0;0;0;0;0;0;0
22.10.15;Ñð;;0;0;0;0;0;0;0;0
23.10.15;×ò;;0;0;0;0;0;0;0;0
24.10.15;Ïò;;0;0;0;0;0;0;0;0
25.10.15;Ñá;1;0;0;0;0;0;1;0;1
26.10.15;Âñ;1;0;0;0;0;0;0;1;1
27.10.15;Ïí;;0;0;0;0;0;0;0;0
28.10.15;Âò;;0;0;0;0;0;0;0;0
29.10.15;Ñð;1;0;0;1;0;0;0;0;0
30.10.15;×ò;;0;0;0;0;0;0;0;0
31.10.15;Ïò;;0;0;0;0;0;0;0;0
01.11.15;Ñá;;0;0;0;0;0;0;0;0
02.11.15;Âñ;;0;0;0;0;0;0;0;0
03.11.15;Ïí;;0;0;0;0;0;0;0;0
04.11.15;Âò;;0;0;0;0;0;0;0;0
05.11.15;Ñð;;0;0;0;0;0;0;0;0
06.11.15;×ò;;0;0;0;0;0;0;0;0
07.11.15;Ïò;;0;0;0;0;0;0;0;0
08.11.15;Ñá;;0;0;0;0;0;0;0;0
09.11.15;Âñ;;0;0;0;0;0;0;0;0
10.11.15;Ïí;;0;0;0;0;0;0;0;0
11.11.15;Âò;;0;0;0;0;0;0;0;0
12.11.15;Ñð;;0;0;0;0;0;0;0;0
13.11.15;×ò;1;0;0;0;1;0;0;0;0
14.11.15;Ïò;;0;0;0;0;0;0;0;0
15.11.15;Ñá;;0;0;0;0;0;0;0;0
16.11.15;Âñ;1;0;0;0;0;0;0;1;1
17.11.15;Ïí;;0;0;0;0;0;0;0;0
18.11.15;Âò;1;0;1;0;0;0;0;0;0
19.11.15;Ñð;;0;0;0;0;0;0;0;0
20.11.15;×ò;;0;0;0;0;0;0;0;0
21.11.15;Ïò;;0;0;0;0;0;0;0;0
22.11.15;Ñá;;0;0;0;0;0;0;0;0
23.11.15;Âñ;;0;0;0;0;0;0;0;0
24.11.15;Ïí;;0;0;0;0;0;0;0;0
25.11.15;Âò;;0;0;0;0;0;0;0;0
26.11.15;Ñð;;0;0;0;0;0;0;0;0
27.11.15;×ò;;0;0;0;0;0;0;0;0
28.11.15;Ïò;;0;0;0;0;0;0;0;0
29.11.15;Ñá;;0;0;0;0;0;0;0;0
30.11.15;Âñ;;0;0;0;0;0;0;0;0
01.12.15;Ïí;;0;0;0;0;0;0;0;0
02.12.15;Âò;;0;0;0;0;0;0;0;0
03.12.15;Ñð;;0;0;0;0;0;0;0;0
04.12.15;×ò;1;0;0;0;1;0;0;0;0
05.12.15;Ïò;;0;0;0;0;0;0;0;0
06.12.15;Ñá;;0;0;0;0;0;0;0;0
07.12.15;Âñ;;0;0;0;0;0;0;0;0
08.12.15;Ïí;;0;0;0;0;0;0;0;0
09.12.15;Âò;;0;0;0;0;0;0;0;0
10.12.15;Ñð;;0;0;0;0;0;0;0;0
11.12.15;×ò;;0;0;0;0;0;0;0;0
12.12.15;Ïò;;0;0;0;0;0;0;0;0
13.12.15;Ñá;;0;0;0;0;0;0;0;0
14.12.15;Âñ;;0;0;0;0;0;0;0;0
15.12.15;Ïí;;0;0;0;0;0;0;0;0
16.12.15;Âò;;0;0;0;0;0;0;0;0
17.12.15;Ñð;;0;0;0;0;0;0;0;0
18.12.15;×ò;;0;0;0;0;0;0;0;0
19.12.15;Ïò;;0;0;0;0;0;0;0;0
20.12.15;Ñá;;0;0;0;0;0;0;0;0
21.12.15;Âñ;;0;0;0;0;0;0;0;0
22.12.15;Ïí;;0;0;0;0;0;0;0;0
23.12.15;Âò;;0;0;0;0;0;0;0;0
24.12.15;Ñð;;0;0;0;0;0;0;0;0
25.12.15;×ò;1;0;0;0;1;0;0;0;0
26.12.15;Ïò;1;0;0;0;0;1;0;0;0
27.12.15;Ñá;;0;0;0;0;0;0;0;0
28.12.15;Âñ;;0;0;0;0;0;0;0;0
29.12.15;Ïí;;0;0;0;0;0;0;0;0
30.12.15;Âò;;0;0;0;0;0;0;0;0
31.12.15;Ñð;;0;0;0;0;0;0;0;0
01.01.16;×ò;;0;0;0;0;0;0;0;0
02.01.16;Ïò;;0;0;0;0;0;0;0;0
03.01.16;Ñá;;0;0;0;0;0;0;0;0
04.01.16;Âñ;;0;0;0;0;0;0;0;0
05.01.16;Ïí;;0;0;0;0;0;0;0;0
06.01.16;Âò;;0;0;0;0;0;0;0;0
07.01.16;Ñð;;0;0;0;0;0;0;0;0
08.01.16;×ò;;0;0;0;0;0;0;0;0
09.01.16;Ïò;;0;0;0;0;0;0;0;0
10.01.16;Ñá;;0;0;0;0;0;0;0;0
11.01.16;Âñ;;0;0;0;0;0;0;0;0
12.01.16;Ïí;;0;0;0;0;0;0;0;0
13.01.16;Âò;1;0;1;0;0;0;0;0;0
14.01.16;Ñð;;0;0;0;0;0;0;0;0
15.01.16;×ò;1;0;0;0;1;0;0;0;0
16.01.16;Ïò;;0;0;0;0;0;0;0;0
17.01.16;Ñá;;0;0;0;0;0;0;0;0
18.01.16;Âñ;;0;0;0;0;0;0;0;0
19.01.16;Ïí;;0;0;0;0;0;0;0;0
20.01.16;Âò;;0;0;0;0;0;0;0;0
21.01.16;Ñð;;0;0;0;0;0;0;0;0
22.01.16;×ò;;0;0;0;0;0;0;0;0
23.01.16;Ïò;;0;0;0;0;0;0;0;0
24.01.16;Ñá;;0;0;0;0;0;0;0;0
25.01.16;Âñ;;0;0;0;0;0;0;0;0
26.01.16;Ïí;1;1;0;0;0;0;0;0;0
27.01.16;Âò;1;0;1;0;0;0;0;0;0
28.01.16;Ñð;1;0;0;1;0;0;0;0;0
29.01.16;×ò;;0;0;0;0;0;0;0;0
30.01.16;Ïò;;0;0;0;0;0;0;0;0
31.01.16;Ñá;1;0;0;0;0;0;1;0;1
01.02.16;Âñ;;0;0;0;0;0;0;0;0
02.02.16;Ïí;;0;0;0;0;0;0;0;0
03.02.16;Âò;;0;0;0;0;0;0;0;0
04.02.16;Ñð;;0;0;0;0;0;0;0;0
05.02.16;×ò;;0;0;0;0;0;0;0;0
06.02.16;Ïò;;0;0;0;0;0;0;0;0
07.02.16;Ñá;;0;0;0;0;0;0;0;0
08.02.16;Âñ;;0;0;0;0;0;0;0;0
09.02.16;Ïí;;0;0;0;0;0;0;0;0
10.02.16;Âò;;0;0;0;0;0;0;0;0
11.02.16;Ñð;;0;0;0;0;0;0;0;0
12.02.16;×ò;;0;0;0;0;0;0;0;0
13.02.16;Ïò;1;0;0;0;0;1;0;0;0
14.02.16;Ñá;;0;0;0;0;0;0;0;0
15.02.16;Âñ;1;0;0;0;0;0;0;1;1
16.02.16;Ïí;;0;0;0;0;0;0;0;0
17.02.16;Âò;;0;0;0;0;0;0;0;0
18.02.16;Ñð;;0;0;0;0;0;0;0;0
19.02.16;×ò;;0;0;0;0;0;0;0;0
20.02.16;Ïò;;0;0;0;0;0;0;0;0
21.02.16;Ñá;;0;0;0;0;0;0;0;0
22.02.16;Âñ;;0;0;0;0;0;0;0;0
23.02.16;Ïí;;0;0;0;0;0;0;0;0
24.02.16;Âò;;0;0;0;0;0;0;0;0
25.02.16;Ñð;1;0;0;1;0;0;0;0;0
26.02.16;×ò;1;0;0;0;1;0;0;0;0
27.02.16;Ïò;;0;0;0;0;0;0;0;0
28.02.16;Ñá;;0;0;0;0;0;0;0;0
29.02.16;Âñ;;0;0;0;0;0;0;0;0
01.03.16;Ïí;;0;0;0;0;0;0;0;0
02.03.16;Âò;;0;0;0;0;0;0;0;0
03.03.16;Ñð;;0;0;0;0;0;0;0;0
04.03.16;×ò;;0;0;0;0;0;0;0;0
05.03.16;Ïò;;0;0;0;0;0;0;0;0
06.03.16;Ñá;;0;0;0;0;0;0;0;0
07.03.16;Âñ;1;0;0;0;0;0;0;1;1
08.03.16;Ïí;1;1;0;0;0;0;0;0;0
09.03.16;Âò;1;0;1;0;0;0;0;0;0
10.03.16;Ñð;;0;0;0;0;0;0;0;0
11.03.16;×ò;;0;0;0;0;0;0;0;0
12.03.16;Ïò;;0;0;0;0;0;0;0;0
13.03.16;Ñá;;0;0;0;0;0;0;0;0
14.03.16;Âñ;;0;0;0;0;0;0;0;0
15.03.16;Ïí;1;1;0;0;0;0;0;0;0
16.03.16;Âò;1;0;1;0;0;0;0;0;0
17.03.16;Ñð;;0;0;0;0;0;0;0;0
18.03.16;×ò;;0;0;0;0;0;0;0;0
19.03.16;Ïò;;0;0;0;0;0;0;0;0
20.03.16;Ñá;1;0;0;0;0;0;1;0;1
21.03.16;Âñ;1;0;0;0;0;0;0;1;1
22.03.16;Ïí;1;1;0;0;0;0;0;0;0
23.03.16;Âò;;0;0;0;0;0;0;0;0
24.03.16;Ñð;1;0;0;1;0;0;0;0;0
25.03.16;×ò;;0;0;0;0;0;0;0;0
26.03.16;Ïò;;0;0;0;0;0;0;0;0
27.03.16;Ñá;;0;0;0;0;0;0;0;0
28.03.16;Âñ;;0;0;0;0;0;0;0;0
29.03.16;Ïí;1;1;0;0;0;0;0;0;0
30.03.16;Âò;;0;0;0;0;0;0;0;0
31.03.16;Ñð;;0;0;0;0;0;0;0;0
01.04.16;×ò;;0;0;0;0;0;0;0;0
02.04.16;Ïò;;0;0;0;0;0;0;0;0
03.04.16;Ñá;;0;0;0;0;0;0;0;0
04.04.16;Âñ;1;0;0;0;0;0;0;1;1
05.04.16;Ïí;;0;0;0;0;0;0;0;0
06.04.16;Âò;;0;0;0;0;0;0;0;0
07.04.16;Ñð;;0;0;0;0;0;0;0;0
08.04.16;×ò;;0;0;0;0;0;0;0;0
09.04.16;Ïò;;0;0;0;0;0;0;0;0
10.04.16;Ñá;1;0;0;0;0;0;1;0;1
11.04.16;Âñ;;0;0;0;0;0;0;0;0
12.04.16;Ïí;;0;0;0;0;0;0;0;0
13.04.16;Âò;;0;0;0;0;0;0;0;0
14.04.16;Ñð;;0;0;0;0;0;0;0;0
15.04.16;×ò;;0;0;0;0;0;0;0;0
16.04.16;Ïò;1;0;0;0;0;1;0;0;0
17.04.16;Ñá;;0;0;0;0;0;0;0;0
18.04.16;Âñ;;0;0;0;0;0;0;0;0
19.04.16;Ïí;;0;0;0;0;0;0;0;0
20.04.16;Âò;;0;0;0;0;0;0;0;0
21.04.16;Ñð;;0;0;0;0;0;0;0;0
22.04.16;×ò;;0;0;0;0;0;0;0;0
23.04.16;Ïò;;0;0;0;0;0;0;0;0
24.04.16;Ñá;;0;0;0;0;0;0;0;0
25.04.16;Âñ;;0;0;0;0;0;0;0;0
26.04.16;Ïí;;0;0;0;0;0;0;0;0
27.04.16;Âò;;0;0;0;0;0;0;0;0
28.04.16;Ñð;;0;0;0;0;0;0;0;0
29.04.16;×ò;;0;0;0;0;0;0;0;0
30.04.16;Ïò;;0;0;0;0;0;0;0;0
01.05.16;Ñá;;0;0;0;0;0;0;0;0
02.05.16;Âñ;;0;0;0;0;0;0;0;0
03.05.16;Ïí;;0;0;0;0;0;0;0;0
04.05.16;Âò;1;0;1;0;0;0;0;0;0
05.05.16;Ñð;1;0;0;1;0;0;0;0;0
06.05.16;×ò;1;0;0;0;1;0;0;0;0
07.05.16;Ïò;;0;0;0;0;0;0;0;0
08.05.16;Ñá;1;0;0;0;0;0;1;0;1
09.05.16;Âñ;;0;0;0;0;0;0;0;0
10.05.16;Ïí;;0;0;0;0;0;0;0;0
11.05.16;Âò;;0;0;0;0;0;0;0;0
12.05.16;Ñð;;0;0;0;0;0;0;0;0
13.05.16;×ò;;0;0;0;0;0;0;0;0
14.05.16;Ïò;;0;0;0;0;0;0;0;0
15.05.16;Ñá;;0;0;0;0;0;0;0;0
16.05.16;Âñ;;0;0;0;0;0;0;0;0
17.05.16;Ïí;;0;0;0;0;0;0;0;0
18.05.16;Âò;1;0;1;0;0;0;0;0;0
19.05.16;Ñð;1;0;0;1;0;0;0;0;0
20.05.16;×ò;;0;0;0;0;0;0;0;0
21.05.16;Ïò;;0;0;0;0;0;0;0;0
22.05.16;Ñá;;0;0;0;0;0;0;0;0
23.05.16;Âñ;;0;0;0;0;0;0;0;0
24.05.16;Ïí;1;1;0;0;0;0;0;0;0
25.05.16;Âò;;0;0;0;0;0;0;0;0
26.05.16;Ñð;;0;0;0;0;0;0;0;0
27.05.16;×ò;;0;0;0;0;0;0;0;0
28.05.16;Ïò;;0;0;0;0;0;0;0;0
29.05.16;Ñá;;0;0;0;0;0;0;0;0
30.05.16;Âñ;;0;0;0;0;0;0;0;0
31.05.16;Ïí;1;1;0;0;0;0;0;0;0
01.06.16;Âò;1;0;1;0;0;0;0;0;0
02.06.16;Ñð;;0;0;0;0;0;0;0;0
03.06.16;×ò;;0;0;0;0;0;0;0;0
04.06.16;Ïò;1;0;0;0;0;1;0;0;0
05.06.16;Ñá;;0;0;0;0;0;0;0;0
06.06.16;Âñ;;0;0;0;0;0;0;0;0
07.06.16;Ïí;;0;0;0;0;0;0;0;0
08.06.16;Âò;;0;0;0;0;0;0;0;0
09.06.16;Ñð;;0;0;0;0;0;0;0;0
10.06.16;×ò;;0;0;0;0;0;0;0;0
11.06.16;Ïò;;0;0;0;0;0;0;0;0
12.06.16;Ñá;;0;0;0;0;0;0;0;0
13.06.16;Âñ;;0;0;0;0;0;0;0;0
14.06.16;Ïí;;0;0;0;0;0;0;0;0
15.06.16;Âò;;0;0;0;0;0;0;0;0
16.06.16;Ñð;;0;0;0;0;0;0;0;0
17.06.16;×ò;;0;0;0;0;0;0;0;0
18.06.16;Ïò;;0;0;0;0;0;0;0;0
19.06.16;Ñá;;0;0;0;0;0;0;0;0
20.06.16;Âñ;;0;0;0;0;0;0;0;0
21.06.16;Ïí;;0;0;0;0;0;0;0;0
22.06.16;Âò;;0;0;0;0;0;0;0;0
23.06.16;Ñð;;0;0;0;0;0;0;0;0
24.06.16;×ò;;0;0;0;0;0;0;0;0
25.06.16;Ïò;1;0;0;0;0;1;0;0;0
26.06.16;Ñá;1;0;0;0;0;0;1;0;1
27.06.16;Âñ;1;0;0;0;0;0;0;1;1
28.06.16;Ïí;;0;0;0;0;0;0;0;0
29.06.16;Âò;;0;0;0;0;0;0;0;0
30.06.16;Ñð;;0;0;0;0;0;0;0;0
01.07.16;×ò;1;0;0;0;1;0;0;0;0
02.07.16;Ïò;;0;0;0;0;0;0;0;0
03.07.16;Ñá;;0;0;0;0;0;0;0;0
04.07.16;Âñ;;0;0;0;0;0;0;0;0
05.07.16;Ïí;;0;0;0;0;0;0;0;0
06.07.16;Âò;;0;0;0;0;0;0;0;0
07.07.16;Ñð;;0;0;0;0;0;0;0;0
08.07.16;×ò;;0;0;0;0;0;0;0;0
09.07.16;Ïò;1;0;0;0;0;1;0;0;0
10.07.16;Ñá;;0;0;0;0;0;0;0;0
11.07.16;Âñ;;0;0;0;0;0;0;0;0
12.07.16;Ïí;;0;0;0;0;0;0;0;0
13.07.16;Âò;1;0;1;0;0;0;0;0;0
14.07.16;Ñð;1;0;0;1;0;0;0;0;0
15.07.16;×ò;1;0;0;0;1;0;0;0;0
16.07.16;Ïò;1;0;0;0;0;1;0;0;0
17.07.16;Ñá;1;0;0;0;0;0;1;0;1
18.07.16;Âñ;1;0;0;0;0;0;0;1;1
19.07.16;Ïí;;0;0;0;0;0;0;0;0
20.07.16;Âò;;0;0;0;0;0;0;0;0
21.07.16;Ñð;;0;0;0;0;0;0;0;0
22.07.16;×ò;;0;0;0;0;0;0;0;0
23.07.16;Ïò;;0;0;0;0;0;0;0;0
24.07.16;Ñá;;0;0;0;0;0;0;0;0
25.07.16;Âñ;;0;0;0;0;0;0;0;0
26.07.16;Ïí;;0;0;0;0;0;0;0;0
27.07.16;Âò;;0;0;0;0;0;0;0;0
28.07.16;Ñð;;0;0;0;0;0;0;0;0
29.07.16;×ò;;0;0;0;0;0;0;0;0
30.07.16;Ïò;;0;0;0;0;0;0;0;0
31.07.16;Ñá;1;0;0;0;0;0;1;0;1
01.08.16;Âñ;1;0;0;0;0;0;0;1;1
02.08.16;Ïí;;0;0;0;0;0;0;0;0
03.08.16;Âò;;0;0;0;0;0;0;0;0
04.08.16;Ñð;;0;0;0;0;0;0;0;0
05.08.16;×ò;1;0;0;0;1;0;0;0;0
06.08.16;Ïò;;0;0;0;0;0;0;0;0
07.08.16;Ñá;;0;0;0;0;0;0;0;0
08.08.16;Âñ;;0;0;0;0;0;0;0;0
09.08.16;Ïí;;0;0;0;0;0;0;0;0
10.08.16;Âò;1;0;1;0;0;0;0;0;0
11.08.16;Ñð;;0;0;0;0;0;0;0;0
12.08.16;×ò;;0;0;0;0;0;0;0;0
13.08.16;Ïò;;0;0;0;0;0;0;0;0
14.08.16;Ñá;;0;0;0;0;0;0;0;0
15.08.16;Âñ;;0;0;0;0;0;0;0;0
16.08.16;Ïí;;0;0;0;0;0;0;0;0
17.08.16;Âò;;0;0;0;0;0;0;0;0
18.08.16;Ñð;;0;0;0;0;0;0;0;0
19.08.16;×ò;;0;0;0;0;0;0;0;0
20.08.16;Ïò;;0;0;0;0;0;0;0;0
21.08.16;Ñá;;0;0;0;0;0;0;0;0
22.08.16;Âñ;;0;0;0;0;0;0;0;0
23.08.16;Ïí;1;1;0;0;0;0;0;0;0
24.08.16;Âò;;0;0;0;0;0;0;0;0
25.08.16;Ñð;;0;0;0;0;0;0;0;0
26.08.16;×ò;;0;0;0;0;0;0;0;0
27.08.16;Ïò;;0;0;0;0;0;0;0;0
28.08.16;Ñá;;0;0;0;0;0;0;0;0
29.08.16;Âñ;;0;0;0;0;0;0;0;0
30.08.16;Ïí;;0;0;0;0;0;0;0;0
31.08.16;Âò;;0;0;0;0;0;0;0;0
01.09.16;Ñð;;0;0;0;0;0;0;0;0
02.09.16;×ò;;0;0;0;0;0;0;0;0
03.09.16;Ïò;;0;0;0;0;0;0;0;0
04.09.16;Ñá;;0;0;0;0;0;0;0;0
05.09.16;Âñ;1;0;0;0;0;0;0;1;1
06.09.16;Ïí;1;1;0;0;0;0;0;0;0
07.09.16;Âò;;0;0;0;0;0;0;0;0
08.09.16;Ñð;;0;0;0;0;0;0;0;0
09.09.16;×ò;;0;0;0;0;0;0;0;0
10.09.16;Ïò;;0;0;0;0;0;0;0;0
11.09.16;Ñá;1;0;0;0;0;0;1;0;1
12.09.16;Âñ;1;0;0;0;0;0;0;1;1
13.09.16;Ïí;;0;0;0;0;0;0;0;0
14.09.16;Âò;;0;0;0;0;0;0;0;0
15.09.16;Ñð;;0;0;0;0;0;0;0;0
16.09.16;×ò;1;0;0;0;1;0;0;0;0
17.09.16;Ïò;;0;0;0;0;0;0;0;0
18.09.16;Ñá;1;0;0;0;0;0;1;0;1
19.09.16;Âñ;;0;0;0;0;0;0;0;0
20.09.16;Ïí;;0;0;0;0;0;0;0;0
21.09.16;Âò;;0;0;0;0;0;0;0;0
22.09.16;Ñð;;0;0;0;0;0;0;0;0
23.09.16;×ò;;0;0;0;0;0;0;0;0
24.09.16;Ïò;;0;0;0;0;0;0;0;0
25.09.16;Ñá;;0;0;0;0;0;0;0;0
26.09.16;Âñ;1;0;0;0;0;0;0;1;1
27.09.16;Ïí;1;1;0;0;0;0;0;0;0
28.09.16;Âò;1;0;1;0;0;0;0;0;0
29.09.16;Ñð;;0;0;0;0;0;0;0;0
30.09.16;×ò;;0;0;0;0;0;0;0;0
01.10.16;Ïò;1;0;0;0;0;1;0;0;0
02.10.16;Ñá;;0;0;0;0;0;0;0;0
03.10.16;Âñ;;0;0;0;0;0;0;0;0
04.10.16;Ïí;;0;0;0;0;0;0;0;0
05.10.16;Âò;;0;0;0;0;0;0;0;0
06.10.16;Ñð;;0;0;0;0;0;0;0;0
07.10.16;×ò;;0;0;0;0;0;0;0;0
08.10.16;Ïò;;0;0;0;0;0;0;0;0
09.10.16;Ñá;;0;0;0;0;0;0;0;0
10.10.16;Âñ;;0;0;0;0;0;0;0;0
11.10.16;Ïí;;0;0;0;0;0;0;0;0
12.10.16;Âò;;0;0;0;0;0;0;0;0
13.10.16;Ñð;;0;0;0;0;0;0;0;0
14.10.16;×ò;;0;0;0;0;0;0;0;0
15.10.16;Ïò;;0;0;0;0;0;0;0;0
16.10.16;Ñá;;0;0;0;0;0;0;0;0
17.10.16;Âñ;;0;0;0;0;0;0;0;0
18.10.16;Ïí;1;1;0;0;0;0;0;0;0
19.10.16;Âò;1;0;1;0;0;0;0;0;0
20.10.16;Ñð;;0;0;0;0;0;0;0;0
21.10.16;×ò;;0;0;0;0;0;0;0;0
22.10.16;Ïò;1;0;0;0;0;1;0;0;0
23.10.16;Ñá;;0;0;0;0;0;0;0;0
24.10.16;Âñ;;0;0;0;0;0;0;0;0
25.10.16;Ïí;;0;0;0;0;0;0;0;0
26.10.16;Âò;1;0;1;0;0;0;0;0;0
27.10.16;Ñð;;0;0;0;0;0;0;0;0
28.10.16;×ò;;0;0;0;0;0;0;0;0
29.10.16;Ïò;;0;0;0;0;0;0;0;0
30.10.16;Ñá;;0;0;0;0;0;0;0;0
31.10.16;Âñ;;0;0;0;0;0;0;0;0
01.11.16;Ïí;;0;0;0;0;0;0;0;0
02.11.16;Âò;;0;0;0;0;0;0;0;0
03.11.16;Ñð;;0;0;0;0;0;0;0;0
04.11.16;×ò;;0;0;0;0;0;0;0;0
05.11.16;Ïò;1;0;0;0;0;1;0;0;0
06.11.16;Ñá;1;0;0;0;0;0;1;0;1
07.11.16;Âñ;;0;0;0;0;0;0;0;0
08.11.16;Ïí;;0;0;0;0;0;0;0;0
09.11.16;Âò;1;0;1;0;0;0;0;0;0
10.11.16;Ñð;1;0;0;1;0;0;0;0;0
11.11.16;×ò;;0;0;0;0;0;0;0;0
12.11.16;Ïò;;0;0;0;0;0;0;0;0
13.11.16;Ñá;1;0;0;0;0;0;1;0;1
14.11.16;Âñ;1;0;0;0;0;0;0;1;1
15.11.16;Ïí;1;1;0;0;0;0;0;0;0
16.11.16;Âò;1;0;1;0;0;0;0;0;0
17.11.16;Ñð;;0;0;0;0;0;0;0;0
18.11.16;×ò;;0;0;0;0;0;0;0;0
19.11.16;Ïò;;0;0;0;0;0;0;0;0
20.11.16;Ñá;;0;0;0;0;0;0;0;0
21.11.16;Âñ;1;0;0;0;0;0;0;1;1
22.11.16;Ïí;;0;0;0;0;0;0;0;0
23.11.16;Âò;1;0;1;0;0;0;0;0;0
24.11.16;Ñð;;0;0;0;0;0;0;0;0
25.11.16;×ò;;0;0;0;0;0;0;0;0
26.11.16;Ïò;1;0;0;0;0;1;0;0;0
27.11.16;Ñá;;0;0;0;0;0;0;0;0
28.11.16;Âñ;;0;0;0;0;0;0;0;0
29.11.16;Ïí;1;1;0;0;0;0;0;0;0
30.11.16;Âò;;0;0;0;0;0;0;0;0
01.12.16;Ñð;;0;0;0;0;0;0;0;0
02.12.16;×ò;1;0;0;0;1;0;0;0;0
03.12.16;Ïò;1;0;0;0;0;1;0;0;0
04.12.16;Ñá;;0;0;0;0;0;0;0;0
05.12.16;Âñ;;0;0;0;0;0;0;0;0
06.12.16;Ïí;1;1;0;0;0;0;0;0;0
07.12.16;Âò;1;0;1;0;0;0;0;0;0
08.12.16;Ñð;1;0;0;1;0;0;0;0;0
09.12.16;×ò;1;0;0;0;1;0;0;0;0
10.12.16;Ïò;;0;0;0;0;0;0;0;0
11.12.16;Ñá;;0;0;0;0;0;0;0;0
12.12.16;Âñ;;0;0;0;0;0;0;0;0
13.12.16;Ïí;;0;0;0;0;0;0;0;0
14.12.16;Âò;;0;0;0;0;0;0;0;0
15.12.16;Ñð;;0;0;0;0;0;0;0;0
16.12.16;×ò;;0;0;0;0;0;0;0;0
17.12.16;Ïò;;0;0;0;0;0;0;0;0
18.12.16;Ñá;1;0;0;0;0;0;1;0;1
19.12.16;Âñ;1;0;0;0;0;0;0;1;1
20.12.16;Ïí;;0;0;0;0;0;0;0;0
21.12.16;Âò;;0;0;0;0;0;0;0;0
22.12.16;Ñð;;0;0;0;0;0;0;0;0
23.12.16;×ò;;0;0;0;0;0;0;0;0
24.12.16;Ïò;;0;0;0;0;0;0;0;0
25.12.16;Ñá;;0;0;0;0;0;0;0;0
26.12.16;Âñ;;0;0;0;0;0;0;0;0
27.12.16;Ïí;1;1;0;0;0;0;0;0;0
28.12.16;Âò;;0;0;0;0;0;0;0;0
29.12.16;Ñð;;0;0;0;0;0;0;0;0
30.12.16;×ò;;0;0;0;0;0;0;0;0
31.12.16;Ïò;;0;0;0;0;0;0;0;0
01.01.17;Ñá;;0;0;0;0;0;0;0;0
02.01.17;Âñ;;0;0;0;0;0;0;0;0
03.01.17;Ïí;;0;0;0;0;0;0;0;0
04.01.17;Âò;;0;0;0;0;0;0;0;0
05.01.17;Ñð;1;0;0;1;0;0;0;0;0
06.01.17;×ò;1;0;0;0;1;0;0;0;0
07.01.17;Ïò;1;0;0;0;0;1;0;0;0
08.01.17;Ñá;;0;0;0;0;0;0;0;0
09.01.17;Âñ;;0;0;0;0;0;0;0;0
10.01.17;Ïí;;0;0;0;0;0;0;0;0
11.01.17;Âò;1;0;1;0;0;0;0;0;0
12.01.17;Ñð;1;0;0;1;0;0;0;0;0
13.01.17;×ò;;0;0;0;0;0;0;0;0
14.01.17;Ïò;;0;0;0;0;0;0;0;0
15.01.17;Ñá;;0;0;0;0;0;0;0;0
16.01.17;Âñ;;0;0;0;0;0;0;0;0
17.01.17;Ïí;;0;0;0;0;0;0;0;0
18.01.17;Âò;;0;0;0;0;0;0;0;0
19.01.17;Ñð;;0;0;0;0;0;0;0;0
20.01.17;×ò;1;0;0;0;1;0;0;0;0
21.01.17;Ïò;;0;0;0;0;0;0;0;0
22.01.17;Ñá;;0;0;0;0;0;0;0;0
23.01.17;Âñ;;0;0;0;0;0;0;0;0
24.01.17;Ïí;;0;0;0;0;0;0;0;0
25.01.17;Âò;1;0;1;0;0;0;0;0;0
26.01.17;Ñð;;0;0;0;0;0;0;0;0
27.01.17;×ò;;0;0;0;0;0;0;0;0
28.01.17;Ïò;1;0;0;0;0;1;0;0;0
29.01.17;Ñá;;0;0;0;0;0;0;0;0
30.01.17;Âñ;;0;0;0;0;0;0;0;0
31.01.17;Ïí;;0;0;0;0;0;0;0;0
01.02.17;Âò;;0;0;0;0;0;0;0;0
02.02.17;Ñð;;0;0;0;0;0;0;0;0
03.02.17;×ò;;0;0;0;0;0;0;0;0
04.02.17;Ïò;;0;0;0;0;0;0;0;0
05.02.17;Ñá;1;0;0;0;0;0;1;0;1
06.02.17;Âñ;1;0;0;0;0;0;0;1;1
07.02.17;Ïí;1;1;0;0;0;0;0;0;0
08.02.17;Âò;;0;0;0;0;0;0;0;0
09.02.17;Ñð;;0;0;0;0;0;0;0;0
10.02.17;×ò;;0;0;0;0;0;0;0;0
11.02.17;Ïò;1;0;0;0;0;1;0;0;0
12.02.17;Ñá;1;0;0;0;0;0;1;0;1
13.02.17;Âñ;;0;0;0;0;0;0;0;0
14.02.17;Ïí;;0;0;0;0;0;0;0;0
15.02.17;Âò;;0;0;0;0;0;0;0;0
16.02.17;Ñð;;0;0;0;0;0;0;0;0
17.02.17;×ò;;0;0;0;0;0;0;0;0
18.02.17;Ïò;;0;0;0;0;0;0;0;0
19.02.17;Ñá;;0;0;0;0;0;0;0;0
20.02.17;Âñ;1;0;0;0;0;0;0;1;1
21.02.17;Ïí;;0;0;0;0;0;0;0;0
22.02.17;Âò;;0;0;0;0;0;0;0;0
23.02.17;Ñð;;0;0;0;0;0;0;0;0
24.02.17;×ò;;0;0;0;0;0;0;0;0
25.02.17;Ïò;1;0;0;0;0;1;0;0;0
26.02.17;Ñá;;0;0;0;0;0;0;0;0
27.02.17;Âñ;;0;0;0;0;0;0;0;0
28.02.17;Ïí;1;1;0;0;0;0;0;0;0
01.03.17;Âò;;0;0;0;0;0;0;0;0
02.03.17;Ñð;;0;0;0;0;0;0;0;0
03.03.17;×ò;;0;0;0;0;0;0;0;0
04.03.17;Ïò;;0;0;0;0;0;0;0;0
05.03.17;Ñá;1;0;0;0;0;0;1;0;1
06.03.17;Âñ;1;0;0;0;0;0;0;1;1
07.03.17;Ïí;;0;0;0;0;0;0;0;0
08.03.17;Âò;1;0;1;0;0;0;0;0;0
09.03.17;Ñð;;0;0;0;0;0;0;0;0
10.03.17;×ò;1;0;0;0;1;0;0;0;0
11.03.17;Ïò;;0;0;0;0;0;0;0;0
12.03.17;Ñá;1;0;0;0;0;0;1;0;1
13.03.17;Âñ;1;0;0;0;0;0;0;1;1
14.03.17;Ïí;1;1;0;0;0;0;0;0;0
15.03.17;Âò;1;0;1;0;0;0;0;0;0
16.03.17;Ñð;1;0;0;1;0;0;0;0;0
17.03.17;×ò;;0;0;0;0;0;0;0;0
18.03.17;Ïò;1;0;0;0;0;1;0;0;0
19.03.17;Ñá;1;0;0;0;0;0;1;0;1
20.03.17;Âñ;;0;0;0;0;0;0;0;0
21.03.17;Ïí;1;1;0;0;0;0;0;0;0
22.03.17;Âò;;0;0;0;0;0;0;0;0
23.03.17;Ñð;;0;0;0;0;0;0;0;0
24.03.17;×ò;;0;0;0;0;0;0;0;0
25.03.17;Ïò;;0;0;0;0;0;0;0;0
26.03.17;Ñá;;0;0;0;0;0;0;0;0
27.03.17;Âñ;;0;0;0;0;0;0;0;0
28.03.17;Ïí;;0;0;0;0;0;0;0;0
29.03.17;Âò;;0;0;0;0;0;0;0;0
30.03.17;Ñð;;0;0;0;0;0;0;0;0
31.03.17;×ò;1;0;0;0;1;0;0;0;0
01.04.17;Ïò;;0;0;0;0;0;0;0;0
02.04.17;Ñá;1;0;0;0;0;0;1;0;1
03.04.17;Âñ;;0;0;0;0;0;0;0;0
04.04.17;Ïí;;0;0;0;0;0;0;0;0
05.04.17;Âò;;0;0;0;0;0;0;0;0
06.04.17;Ñð;;0;0;0;0;0;0;0;0
07.04.17;×ò;;0;0;0;0;0;0;0;0
08.04.17;Ïò;;0;0;0;0;0;0;0;0
09.04.17;Ñá;;0;0;0;0;0;0;0;0
10.04.17;Âñ;;0;0;0;0;0;0;0;0
11.04.17;Ïí;;0;0;0;0;0;0;0;0
12.04.17;Âò;;0;0;0;0;0;0;0;0
13.04.17;Ñð;1;0;0;1;0;0;0;0;0
14.04.17;×ò;1;0;0;0;1;0;0;0;0
15.04.17;Ïò;;0;0;0;0;0;0;0;0
16.04.17;Ñá;;0;0;0;0;0;0;0;0
17.04.17;Âñ;1;0;0;0;0;0;0;1;1
18.04.17;Ïí;;0;0;0;0;0;0;0;0
19.04.17;Âò;1;0;1;0;0;0;0;0;0
20.04.17;Ñð;;0;0;0;0;0;0;0;0
21.04.17;×ò;;0;0;0;0;0;0;0;0
22.04.17;Ïò;;0;0;0;0;0;0;0;0
23.04.17;Ñá;;0;0;0;0;0;0;0;0
24.04.17;Âñ;;0;0;0;0;0;0;0;0
25.04.17;Ïí;;0;0;0;0;0;0;0;0
26.04.17;Âò;;0;0;0;0;0;0;0;0
27.04.17;Ñð;1;0;0;1;0;0;0;0;0
28.04.17;×ò;1;0;0;0;1;0;0;0;0
29.04.17;Ïò;;0;0;0;0;0;0;0;0
30.04.17;Ñá;;0;0;0;0;0;0;0;0
01.05.17;Âñ;;0;0;0;0;0;0;0;0
02.05.17;Ïí;1;1;0;0;0;0;0;0;0
03.05.17;Âò;1;0;1;0;0;0;0;0;0
04.05.17;Ñð;;0;0;0;0;0;0;0;0
05.05.17;×ò;;0;0;0;0;0;0;0;0
06.05.17;Ïò;1;0;0;0;0;1;0;0;0
07.05.17;Ñá;1;0;0;0;0;0;1;0;1
08.05.17;Âñ;;0;0;0;0;0;0;0;0
09.05.17;Ïí;1;1;0;0;0;0;0;0;0
10.05.17;Âò;;0;0;0;0;0;0;0;0
11.05.17;Ñð;1;0;0;1;0;0;0;0;0
12.05.17;×ò;1;0;0;0;1;0;0;0;0
13.05.17;Ïò;;0;0;0;0;0;0;0;0
14.05.17;Ñá;;0;0;0;0;0;0;0;0
15.05.17;Âñ;;0;0;0;0;0;0;0;0
16.05.17;Ïí;;0;0;0;0;0;0;0;0
17.05.17;Âò;;0;0;0;0;0;0;0;0
18.05.17;Ñð;;0;0;0;0;0;0;0;0
19.05.17;×ò;;0;0;0;0;0;0;0;0
20.05.17;Ïò;1;0;0;0;0;1;0;0;0
21.05.17;Ñá;;0;0;0;0;0;0;0;0
22.05.17;Âñ;;0;0;0;0;0;0;0;0
23.05.17;Ïí;;0;0;0;0;0;0;0;0
24.05.17;Âò;;0;0;0;0;0;0;0;0
25.05.17;Ñð;;0;0;0;0;0;0;0;0
26.05.17;×ò;;0;0;0;0;0;0;0;0
27.05.17;Ïò;;0;0;0;0;0;0;0;0
28.05.17;Ñá;;0;0;0;0;0;0;0;0
29.05.17;Âñ;1;0;0;0;0;0;0;1;1
30.05.17;Ïí;;0;0;0;0;0;0;0;0
31.05.17;Âò;1;0;1;0;0;0;0;0;0
01.06.17;Ñð;1;0;0;1;0;0;0;0;0
02.06.17;×ò;;0;0;0;0;0;0;0;0
03.06.17;Ïò;;0;0;0;0;0;0;0;0
04.06.17;Ñá;;0;0;0;0;0;0;0;0
05.06.17;Âñ;;0;0;0;0;0;0;0;0
06.06.17;Ïí;;0;0;0;0;0;0;0;0
07.06.17;Âò;;0;0;0;0;0;0;0;0
08.06.17;Ñð;;0;0;0;0;0;0;0;0
09.06.17;×ò;;0;0;0;0;0;0;0;0
10.06.17;Ïò;;0;0;0;0;0;0;0;0
11.06.17;Ñá;;0;0;0;0;0;0;0;0
12.06.17;Âñ;;0;0;0;0;0;0;0;0
13.06.17;Ïí;;0;0;0;0;0;0;0;0
14.06.17;Âò;1;0;1;0;0;0;0;0;0
15.06.17;Ñð;;0;0;0;0;0;0;0;0
16.06.17;×ò;;0;0;0;0;0;0;0;0
17.06.17;Ïò;;0;0;0;0;0;0;0;0
18.06.17;Ñá;;0;0;0;0;0;0;0;0
19.06.17;Âñ;1;0;0;0;0;0;0;1;1
20.06.17;Ïí;;0;0;0;0;0;0;0;0
21.06.17;Âò;1;0;1;0;0;0;0;0;0
22.06.17;Ñð;;0;0;0;0;0;0;0;0
23.06.17;×ò;;0;0;0;0;0;0;0;0
24.06.17;Ïò;;0;0;0;0;0;0;0;0
25.06.17;Ñá;;0;0;0;0;0;0;0;0
26.06.17;Âñ;;0;0;0;0;0;0;0;0
27.06.17;Ïí;;0;0;0;0;0;0;0;0
28.06.17;Âò;;0;0;0;0;0;0;0;0
29.06.17;Ñð;1;0;0;1;0;0;0;0;0
30.06.17;×ò;;0;0;0;0;0;0;0;0
01.07.17;Ïò;;0;0;0;0;0;0;0;0
02.07.17;Ñá;;0;0;0;0;0;0;0;0
03.07.17;Âñ;;0;0;0;0;0;0;0;0
04.07.17;Ïí;;0;0;0;0;0;0;0;0
05.07.17;Âò;;0;0;0;0;0;0;0;0
06.07.17;Ñð;;0;0;0;0;0;0;0;0
07.07.17;×ò;;0;0;0;0;0;0;0;0
08.07.17;Ïò;;0;0;0;0;0;0;0;0
09.07.17;Ñá;1;0;0;0;0;0;1;0;1
10.07.17;Âñ;;0;0;0;0;0;0;0;0
11.07.17;Ïí;;0;0;0;0;0;0;0;0
12.07.17;Âò;;0;0;0;0;0;0;0;0
13.07.17;Ñð;;0;0;0;0;0;0;0;0
14.07.17;×ò;;0;0;0;0;0;0;0;0
15.07.17;Ïò;1;0;0;0;0;1;0;0;0
16.07.17;Ñá;;0;0;0;0;0;0;0;0
17.07.17;Âñ;;0;0;0;0;0;0;0;0
18.07.17;Ïí;;0;0;0;0;0;0;0;0
19.07.17;Âò;;0;0;0;0;0;0;0;0
20.07.17;Ñð;;0;0;0;0;0;0;0;0
21.07.17;×ò;;0;0;0;0;0;0;0;0
22.07.17;Ïò;1;0;0;0;0;1;0;0;0
23.07.17;Ñá;;0;0;0;0;0;0;0;0
24.07.17;Âñ;1;0;0;0;0;0;0;1;1
25.07.17;Ïí;1;1;0;0;0;0;0;0;0
26.07.17;Âò;1;0;1;0;0;0;0;0;0
27.07.17;Ñð;;0;0;0;0;0;0;0;0
28.07.17;×ò;;0;0;0;0;0;0;0;0
29.07.17;Ïò;1;0;0;0;0;1;0;0;0
30.07.17;Ñá;;0;0;0;0;0;0;0;0
31.07.17;Âñ;;0;0;0;0;0;0;0;0
01.08.17;Ïí;;0;0;0;0;0;0;0;0
02.08.17;Âò;;0;0;0;0;0;0;0;0
03.08.17;Ñð;;0;0;0;0;0;0;0;0
04.08.17;×ò;;0;0;0;0;0;0;0;0
05.08.17;Ïò;1;0;0;0;0;1;0;0;0
06.08.17;Ñá;1;0;0;0;0;0;1;0;1
07.08.17;Âñ;;0;0;0;0;0;0;0;0
08.08.17;Ïí;;0;0;0;0;0;0;0;0
09.08.17;Âò;;0;0;0;0;0;0;0;0
10.08.17;Ñð;;0;0;0;0;0;0;0;0
11.08.17;×ò;;0;0;0;0;0;0;0;0
12.08.17;Ïò;;0;0;0;0;0;0;0;0
13.08.17;Ñá;;0;0;0;0;0;0;0;0
14.08.17;Âñ;1;0;0;0;0;0;0;1;1
15.08.17;Ïí;1;1;0;0;0;0;0;0;0
16.08.17;Âò;;0;0;0;0;0;0;0;0
17.08.17;Ñð;;0;0;0;0;0;0;0;0
18.08.17;×ò;;0;0;0;0;0;0;0;0
19.08.17;Ïò;;0;0;0;0;0;0;0;0
20.08.17;Ñá;1;0;0;0;0;0;1;0;1
21.08.17;Âñ;;0;0;0;0;0;0;0;0
22.08.17;Ïí;;0;0;0;0;0;0;0;0
23.08.17;Âò;;0;0;0;0;0;0;0;0
24.08.17;Ñð;;0;0;0;0;0;0;0;0
25.08.17;×ò;;0;0;0;0;0;0;0;0
26.08.17;Ïò;1;0;0;0;0;1;0;0;0
27.08.17;Ñá;1;0;0;0;0;0;1;0;1
28.08.17;Âñ;;0;0;0;0;0;0;0;0
29.08.17;Ïí;;0;0;0;0;0;0;0;0
30.08.17;Âò;1;0;1;0;0;0;0;0;0
31.08.17;Ñð;1;0;0;1;0;0;0;0;0
01.09.17;×ò;;0;0;0;0;0;0;0;0
02.09.17;Ïò;;0;0;0;0;0;0;0;0
03.09.17;Ñá;;0;0;0;0;0;0;0;0
04.09.17;Âñ;1;0;0;0;0;0;0;1;1
05.09.17;Ïí;;0;0;0;0;0;0;0;0
06.09.17;Âò;;0;0;0;0;0;0;0;0
07.09.17;Ñð;;0;0;0;0;0;0;0;0
08.09.17;×ò;;0;0;0;0;0;0;0;0
09.09.17;Ïò;;0;0;0;0;0;0;0;0
10.09.17;Ñá;1;0;0;0;0;0;1;0;1
11.09.17;Âñ;1;0;0;0;0;0;0;1;1
12.09.17;Ïí;;0;0;0;0;0;0;0;0
13.09.17;Âò;;0;0;0;0;0;0;0;0
14.09.17;Ñð;;0;0;0;0;0;0;0;0
15.09.17;×ò;;0;0;0;0;0;0;0;0
16.09.17;Ïò;;0;0;0;0;0;0;0;0
17.09.17;Ñá;;0;0;0;0;0;0;0;0
18.09.17;Âñ;;0;0;0;0;0;0;0;0
19.09.17;Ïí;1;1;0;0;0;0;0;0;0
20.09.17;Âò;;0;0;0;0;0;0;0;0
21.09.17;Ñð;1;0;0;1;0;0;0;0;0
22.09.17;×ò;1;0;0;0;1;0;0;0;0
23.09.17;Ïò;;0;0;0;0;0;0;0;0
24.09.17;Ñá;;0;0;0;0;0;0;0;0
25.09.17;Âñ;;0;0;0;0;0;0;0;0
26.09.17;Ïí;;0;0;0;0;0;0;0;0
27.09.17;Âò;1;0;1;0;0;0;0;0;0
28.09.17;Ñð;1;0;0;1;0;0;0;0;0
29.09.17;×ò;1;0;0;0;1;0;0;0;0
30.09.17;Ïò;1;0;0;0;0;1;0;0;0
01.10.17;Ñá;;0;0;0;0;0;0;0;0
02.10.17;Âñ;1;0;0;0;0;0;0;1;1
03.10.17;Ïí;;0;0;0;0;0;0;0;0
04.10.17;Âò;;0;0;0;0;0;0;0;0
05.10.17;Ñð;;0;0;0;0;0;0;0;0
06.10.17;×ò;;0;0;0;0;0;0;0;0
07.10.17;Ïò;;0;0;0;0;0;0;0;0
08.10.17;Ñá;1;0;0;0;0;0;1;0;1
09.10.17;Âñ;;0;0;0;0;0;0;0;0
10.10.17;Ïí;;0;0;0;0;0;0;0;0
11.10.17;Âò;;0;0;0;0;0;0;0;0
12.10.17;Ñð;;0;0;0;0;0;0;0;0
13.10.17;×ò;;0;0;0;0;0;0;0;0
14.10.17;Ïò;;0;0;0;0;0;0;0;0
15.10.17;Ñá;;0;0;0;0;0;0;0;0
16.10.17;Âñ;;0;0;0;0;0;0;0;0
17.10.17;Ïí;;0;0;0;0;0;0;0;0
18.10.17;Âò;;0;0;0;0;0;0;0;0
19.10.17;Ñð;;0;0;0;0;0;0;0;0
20.10.17;×ò;;0;0;0;0;0;0;0;0
21.10.17;Ïò;;0;0;0;0;0;0;0;0
22.10.17;Ñá;;0;0;0;0;0;0;0;0
23.10.17;Âñ;1;0;0;0;0;0;0;1;1
24.10.17;Ïí;;0;0;0;0;0;0;0;0
25.10.17;Âò;;0;0;0;0;0;0;0;0
26.10.17;Ñð;;0;0;0;0;0;0;0;0
27.10.17;×ò;;0;0;0;0;0;0;0;0
28.10.17;Ïò;;0;0;0;0;0;0;0;0
29.10.17;Ñá;;0;0;0;0;0;0;0;0
30.10.17;Âñ;1;0;0;0;0;0;0;1;1
31.10.17;Ïí;;0;0;0;0;0;0;0;0
01.11.17;Âò;;0;0;0;0;0;0;0;0
02.11.17;Ñð;1;0;0;1;0;0;0;0;0
03.11.17;×ò;;0;0;0;0;0;0;0;0
04.11.17;Ïò;1;0;0;0;0;1;0;0;0
05.11.17;Ñá;;0;0;0;0;0;0;0;0
06.11.17;Âñ;;0;0;0;0;0;0;0;0
07.11.17;Ïí;;0;0;0;0;0;0;0;0
08.11.17;Âò;;0;0;0;0;0;0;0;0
09.11.17;Ñð;1;0;0;1;0;0;0;0;0
10.11.17;×ò;;0;0;0;0;0;0;0;0
11.11.17;Ïò;;0;0;0;0;0;0;0;0
12.11.17;Ñá;1;0;0;0;0;0;1;0;1
13.11.17;Âñ;1;0;0;0;0;0;0;1;1
14.11.17;Ïí;;0;0;0;0;0;0;0;0
15.11.17;Âò;1;0;1;0;0;0;0;0;0
16.11.17;Ñð;;0;0;0;0;0;0;0;0
17.11.17;×ò;1;0;0;0;1;0;0;0;0
18.11.17;Ïò;;0;0;0;0;0;0;0;0
19.11.17;Ñá;1;0;0;0;0;0;1;0;1
20.11.17;Âñ;;0;0;0;0;0;0;0;0
21.11.17;Ïí;;0;0;0;0;0;0;0;0
22.11.17;Âò;1;0;1;0;0;0;0;0;0
23.11.17;Ñð;1;0;0;1;0;0;0;0;0
24.11.17;×ò;1;0;0;0;1;0;0;0;0
25.11.17;Ïò;1;0;0;0;0;1;0;0;0
26.11.17;Ñá;;0;0;0;0;0;0;0;0
27.11.17;Âñ;;0;0;0;0;0;0;0;0
28.11.17;Ïí;;0;0;0;0;0;0;0;0
29.11.17;Âò;;0;0;0;0;0;0;0;0
30.11.17;Ñð;1;0;0;1;0;0;0;0;0
01.12.17;×ò;;0;0;0;0;0;0;0;0
02.12.17;Ïò;;0;0;0;0;0;0;0;0
03.12.17;Ñá;;0;0;0;0;0;0;0;0
04.12.17;Âñ;;0;0;0;0;0;0;0;0
05.12.17;Ïí;;0;0;0;0;0;0;0;0
06.12.17;Âò;;0;0;0;0;0;0;0;0
07.12.17;Ñð;;0;0;0;0;0;0;0;0
08.12.17;×ò;;0;0;0;0;0;0;0;0
09.12.17;Ïò;1;0;0;0;0;1;0;0;0
10.12.17;Ñá;;0;0;0;0;0;0;0;0
11.12.17;Âñ;;0;0;0;0;0;0;0;0
12.12.17;Ïí;;0;0;0;0;0;0;0;0
13.12.17;Âò;1;0;1;0;0;0;0;0;0
14.12.17;Ñð;;0;0;0;0;0;0;0;0
15.12.17;×ò;;0;0;0;0;0;0;0;0
16.12.17;Ïò;;0;0;0;0;0;0;0;0
17.12.17;Ñá;1;0;0;0;0;0;1;0;1
18.12.17;Âñ;;0;0;0;0;0;0;0;0
19.12.17;Ïí;;0;0;0;0;0;0;0;0
20.12.17;Âò;;0;0;0;0;0;0;0;0
21.12.17;Ñð;;0;0;0;0;0;0;0;0
22.12.17;×ò;;0;0;0;0;0;0;0;0
23.12.17;Ïò;;0;0;0;0;0;0;0;0
24.12.17;Ñá;;0;0;0;0;0;0;0;0
25.12.17;Âñ;;0;0;0;0;0;0;0;0
26.12.17;Ïí;1;1;0;0;0;0;0;0;0
27.12.17;Âò;;0;0;0;0;0;0;0;0
28.12.17;Ñð;1;0;0;1;0;0;0;0;0
29.12.17;×ò;1;0;0;0;1;0;0;0;0
30.12.17;Ïò;;0;0;0;0;0;0;0;0
31.12.17;Ñá;;0;0;0;0;0;0;0;0
01.01.18;Âñ;;0;0;0;0;0;0;0;0
02.01.18;Ïí;;0;0;0;0;0;0;0;0
03.01.18;Âò;1;0;1;0;0;0;0;0;0
04.01.18;Ñð;;0;0;0;0;0;0;0;0
05.01.18;×ò;;0;0;0;0;0;0;0;0
06.01.18;Ïò;;0;0;0;0;0;0;0;0
07.01.18;Ñá;;0;0;0;0;0;0;0;0
08.01.18;Âñ;;0;0;0;0;0;0;0;0
09.01.18;Ïí;;0;0;0;0;0;0;0;0
10.01.18;Âò;;0;0;0;0;0;0;0;0
11.01.18;Ñð;;0;0;0;0;0;0;0;0
12.01.18;×ò;;0;0;0;0;0;0;0;0
13.01.18;Ïò;1;0;0;0;0;1;0;0;0
14.01.18;Ñá;1;0;0;0;0;0;1;0;1
15.01.18;Âñ;;0;0;0;0;0;0;0;0
16.01.18;Ïí;;0;0;0;0;0;0;0;0
17.01.18;Âò;;0;0;0;0;0;0;0;0
18.01.18;Ñð;;0;0;0;0;0;0;0;0
19.01.18;×ò;;0;0;0;0;0;0;0;0
20.01.18;Ïò;1;0;0;0;0;1;0;0;0
21.01.18;Ñá;1;0;0;0;0;0;1;0;1
22.01.18;Âñ;1;0;0;0;0;0;0;1;1
23.01.18;Ïí;;0;0;0;0;0;0;0;0
24.01.18;Âò;1;0;1;0;0;0;0;0;0
25.01.18;Ñð;1;0;0;1;0;0;0;0;0
26.01.18;×ò;;0;0;0;0;0;0;0;0
27.01.18;Ïò;1;0;0;0;0;1;0;0;0
28.01.18;Ñá;;0;0;0;0;0;0;0;0
29.01.18;Âñ;1;0;0;0;0;0;0;1;1
30.01.18;Ïí;1;1;0;0;0;0;0;0;0
31.01.18;Âò;1;0;1;0;0;0;0;0;0
01.02.18;Ñð;1;0;0;1;0;0;0;0;0
02.02.18;×ò;1;0;0;0;1;0;0;0;0
03.02.18;Ïò;;0;0;0;0;0;0;0;0
04.02.18;Ñá;;0;0;0;0;0;0;0;0
05.02.18;Âñ;;0;0;0;0;0;0;0;0
06.02.18;Ïí;1;1;0;0;0;0;0;0;0
07.02.18;Âò;1;0;1;0;0;0;0;0;0
08.02.18;Ñð;;0;0;0;0;0;0;0;0
09.02.18;×ò;;0;0;0;0;0;0;0;0
10.02.18;Ïò;;0;0;0;0;0;0;0;0
11.02.18;Ñá;;0;0;0;0;0;0;0;0
12.02.18;Âñ;1;0;0;0;0;0;0;1;1
13.02.18;Ïí;1;1;0;0;0;0;0;0;0
14.02.18;Âò;;0;0;0;0;0;0;0;0
15.02.18;Ñð;;0;0;0;0;0;0;0;0
16.02.18;×ò;1;0;0;0;1;0;0;0;0
17.02.18;Ïò;;0;0;0;0;0;0;0;0
18.02.18;Ñá;;0;0;0;0;0;0;0;0
19.02.18;Âñ;;0;0;0;0;0;0;0;0
20.02.18;Ïí;;0;0;0;0;0;0;0;0
21.02.18;Âò;;0;0;0;0;0;0;0;0
22.02.18;Ñð;1;0;0;1;0;0;0;0;0
23.02.18;×ò;;0;0;0;0;0;0;0;0
24.02.18;Ïò;;0;0;0;0;0;0;0;0
25.02.18;Ñá;;0;0;0;0;0;0;0;0
26.02.18;Âñ;;0;0;0;0;0;0;0;0
27.02.18;Ïí;;0;0;0;0;0;0;0;0
28.02.18;Âò;;0;0;0;0;0;0;0;0
01.03.18;Ñð;;0;0;0;0;0;0;0;0
02.03.18;×ò;;0;0;0;0;0;0;0;0
03.03.18;Ïò;1;0;0;0;0;1;0;0;0
04.03.18;Ñá;1;0;0;0;0;0;1;0;1
05.03.18;Âñ;1;0;0;0;0;0;0;1;1
06.03.18;Ïí;;0;0;0;0;0;0;0;0
07.03.18;Âò;;0;0;0;0;0;0;0;0
08.03.18;Ñð;;0;0;0;0;0;0;0;0
09.03.18;×ò;1;0;0;0;1;0;0;0;0
10.03.18;Ïò;1;0;0;0;0;1;0;0;0
11.03.18;Ñá;;0;0;0;0;0;0;0;0
12.03.18;Âñ;;0;0;0;0;0;0;0;0
13.03.18;Ïí;;0;0;0;0;0;0;0;0
14.03.18;Âò;1;0;1;0;0;0;0;0;0
15.03.18;Ñð;1;0;0;1;0;0;0;0;0
16.03.18;×ò;;0;0;0;0;0;0;0;0
17.03.18;Ïò;;0;0;0;0;0;0;0;0
18.03.18;Ñá;;0;0;0;0;0;0;0;0
19.03.18;Âñ;;0;0;0;0;0;0;0;0
20.03.18;Ïí;1;1;0;0;0;0;0;0;0
21.03.18;Âò;;0;0;0;0;0;0;0;0
22.03.18;Ñð;;0;0;0;0;0;0;0;0
23.03.18;×ò;;0;0;0;0;0;0;0;0
24.03.18;Ïò;;0;0;0;0;0;0;0;0
25.03.18;Ñá;;0;0;0;0;0;0;0;0
26.03.18;Âñ;;0;0;0;0;0;0;0;0
27.03.18;Ïí;;0;0;0;0;0;0;0;0
28.03.18;Âò;;0;0;0;0;0;0;0;0
29.03.18;Ñð;1;0;0;1;0;0;0;0;0
30.03.18;×ò;;0;0;0;0;0;0;0;0
31.03.18;Ïò;1;0;0;0;0;1;0;0;0
01.04.18;Ñá;1;0;0;0;0;0;1;0;1
02.04.18;Âñ;;0;0;0;0;0;0;0;0
03.04.18;Ïí;;0;0;0;0;0;0;0;0
04.04.18;Âò;1;0;1;0;0;0;0;0;0
05.04.18;Ñð;1;0;0;1;0;0;0;0;0
06.04.18;×ò;1;0;0;0;1;0;0;0;0
07.04.18;Ïò;;0;0;0;0;0;0;0;0
08.04.18;Ñá;;0;0;0;0;0;0;0;0
09.04.18;Âñ;;0;0;0;0;0;0;0;0
10.04.18;Ïí;;0;0;0;0;0;0;0;0
11.04.18;Âò;;0;0;0;0;0;0;0;0
12.04.18;Ñð;1;0;0;1;0;0;0;0;0
13.04.18;×ò;;0;0;0;0;0;0;0;0
14.04.18;Ïò;;0;0;0;0;0;0;0;0
15.04.18;Ñá;;0;0;0;0;0;0;0;0
16.04.18;Âñ;;0;0;0;0;0;0;0;0
17.04.18;Ïí;;0;0;0;0;0;0;0;0
18.04.18;Âò;;0;0;0;0;0;0;0;0
19.04.18;Ñð;;0;0;0;0;0;0;0;0
20.04.18;×ò;;0;0;0;0;0;0;0;0
21.04.18;Ïò;;0;0;0;0;0;0;0;0
22.04.18;Ñá;;0;0;0;0;0;0;0;0
23.04.18;Âñ;;0;0;0;0;0;0;0;0
24.04.18;Ïí;;0;0;0;0;0;0;0;0
25.04.18;Âò;;0;0;0;0;0;0;0;0
26.04.18;Ñð;;0;0;0;0;0;0;0;0
27.04.18;×ò;1;0;0;0;1;0;0;0;0
28.04.18;Ïò;;0;0;0;0;0;0;0;0
29.04.18;Ñá;1;0;0;0;0;0;1;0;1
30.04.18;Âñ;;0;0;0;0;0;0;0;0
01.05.18;Ïí;1;1;0;0;0;0;0;0;0
02.05.18;Âò;;0;0;0;0;0;0;0;0
03.05.18;Ñð;;0;0;0;0;0;0;0;0
04.05.18;×ò;1;0;0;0;1;0;0;0;0
05.05.18;Ïò;1;0;0;0;0;1;0;0;0
06.05.18;Ñá;1;0;0;0;0;0;1;0;1
07.05.18;Âñ;;0;0;0;0;0;0;0;0
08.05.18;Ïí;;0;0;0;0;0;0;0;0
09.05.18;Âò;;0;0;0;0;0;0;0;0
10.05.18;Ñð;;0;0;0;0;0;0;0;0
11.05.18;×ò;;0;0;0;0;0;0;0;0
12.05.18;Ïò;1;0;0;0;0;1;0;0;0
13.05.18;Ñá;1;0;0;0;0;0;1;0;1
14.05.18;Âñ;;0;0;0;0;0;0;0;0
15.05.18;Ïí;;0;0;0;0;0;0;0;0
16.05.18;Âò;;0;0;0;0;0;0;0;0
17.05.18;Ñð;;0;0;0;0;0;0;0;0
18.05.18;×ò;;0;0;0;0;0;0;0;0
19.05.18;Ïò;;0;0;0;0;0;0;0;0
20.05.18;Ñá;;0;0;0;0;0;0;0;0
21.05.18;Âñ;;0;0;0;0;0;0;0;0
22.05.18;Ïí;;0;0;0;0;0;0;0;0
23.05.18;Âò;;0;0;0;0;0;0;0;0
24.05.18;Ñð;;0;0;0;0;0;0;0;0
25.05.18;×ò;;0;0;0;0;0;0;0;0
26.05.18;Ïò;;0;0;0;0;0;0;0;0
27.05.18;Ñá;1;0;0;0;0;0;1;0;1
28.05.18;Âñ;;0;0;0;0;0;0;0;0
29.05.18;Ïí;1;1;0;0;0;0;0;0;0
30.05.18;Âò;1;0;1;0;0;0;0;0;0
31.05.18;Ñð;;0;0;0;0;0;0;0;0
01.06.18;×ò;;0;0;0;0;0;0;0;0
02.06.18;Ïò;;0;0;0;0;0;0;0;0
03.06.18;Ñá;1;0;0;0;0;0;1;0;1
04.06.18;Âñ;;0;0;0;0;0;0;0;0
05.06.18;Ïí;;0;0;0;0;0;0;0;0
06.06.18;Âò;;0;0;0;0;0;0;0;0
07.06.18;Ñð;1;0;0;1;0;0;0;0;0
08.06.18;×ò;1;0;0;0;1;0;0;0;0
09.06.18;Ïò;;0;0;0;0;0;0;0;0
10.06.18;Ñá;1;0;0;0;0;0;1;0;1
11.06.18;Âñ;1;0;0;0;0;0;0;1;1
12.06.18;Ïí;;0;0;0;0;0;0;0;0
13.06.18;Âò;;0;0;0;0;0;0;0;0
14.06.18;Ñð;;0;0;0;0;0;0;0;0
15.06.18;×ò;;0;0;0;0;0;0;0;0
16.06.18;Ïò;;0;0;0;0;0;0;0;0
17.06.18;Ñá;;0;0;0;0;0;0;0;0
18.06.18;Âñ;;0;0;0;0;0;0;0;0
19.06.18;Ïí;;0;0;0;0;0;0;0;0
20.06.18;Âò;;0;0;0;0;0;0;0;0
21.06.18;Ñð;;0;0;0;0;0;0;0;0
22.06.18;×ò;;0;0;0;0;0;0;0;0
23.06.18;Ïò;1;0;0;0;0;1;0;0;0
24.06.18;Ñá;;0;0;0;0;0;0;0;0
25.06.18;Âñ;;0;0;0;0;0;0;0;0
26.06.18;Ïí;;0;0;0;0;0;0;0;0
27.06.18;Âò;;0;0;0;0;0;0;0;0
28.06.18;Ñð;;0;0;0;0;0;0;0;0
29.06.18;×ò;;0;0;0;0;0;0;0;0
30.06.18;Ïò;;0;0;0;0;0;0;0;0
01.07.18;Ñá;;0;0;0;0;0;0;0;0
02.07.18;Âñ;;0;0;0;0;0;0;0;0
03.07.18;Ïí;1;1;0;0;0;0;0;0;0
04.07.18;Âò;1;0;1;0;0;0;0;0;0
05.07.18;Ñð;;0;0;0;0;0;0;0;0
06.07.18;×ò;1;0;0;0;1;0;0;0;0
07.07.18;Ïò;;0;0;0;0;0;0;0;0
08.07.18;Ñá;;0;0;0;0;0;0;0;0
09.07.18;Âñ;;0;0;0;0;0;0;0;0
10.07.18;Ïí;;0;0;0;0;0;0;0;0
11.07.18;Âò;;0;0;0;0;0;0;0;0
12.07.18;Ñð;;0;0;0;0;0;0;0;0
13.07.18;×ò;;0;0;0;0;0;0;0;0
14.07.18;Ïò;;0;0;0;0;0;0;0;0
15.07.18;Ñá;;0;0;0;0;0;0;0;0
16.07.18;Âñ;;0;0;0;0;0;0;0;0
17.07.18;Ïí;;0;0;0;0;0;0;0;0
18.07.18;Âò;;0;0;0;0;0;0;0;0
19.07.18;Ñð;;0;0;0;0;0;0;0;0
20.07.18;×ò;;0;0;0;0;0;0;0;0
21.07.18;Ïò;1;0;0;0;0;1;0;0;0
22.07.18;Ñá;1;0;0;0;0;0;1;0;1
23.07.18;Âñ;;0;0;0;0;0;0;0;0
24.07.18;Ïí;1;1;0;0;0;0;0;0;0
25.07.18;Âò;1;0;1;0;0;0;0;0;0
26.07.18;Ñð;;0;0;0;0;0;0;0;0
27.07.18;×ò;1;0;0;0;1;0;0;0;0
28.07.18;Ïò;;0;0;0;0;0;0;0;0
29.07.18;Ñá;;0;0;0;0;0;0;0;0
30.07.18;Âñ;;0;0;0;0;0;0;0;0
31.07.18;Ïí;;0;0;0;0;0;0;0;0
01.08.18;Âò;;0;0;0;0;0;0;0;0
02.08.18;Ñð;;0;0;0;0;0;0;0;0
03.08.18;×ò;;0;0;0;0;0;0;0;0
04.08.18;Ïò;;0;0;0;0;0;0;0;0
05.08.18;Ñá;;0;0;0;0;0;0;0;0
06.08.18;Âñ;;0;0;0;0;0;0;0;0
07.08.18;Ïí;;0;0;0;0;0;0;0;0
08.08.18;Âò;;0;0;0;0;0;0;0;0
09.08.18;Ñð;;0;0;0;0;0;0;0;0
10.08.18;×ò;;0;0;0;0;0;0;0;0
11.08.18;Ïò;;0;0;0;0;0;0;0;0
12.08.18;Ñá;;0;0;0;0;0;0;0;0
13.08.18;Âñ;;0;0;0;0;0;0;0;0
14.08.18;Ïí;1;1;0;0;0;0;0;0;0
15.08.18;Âò;1;0;1;0;0;0;0;0;0
16.08.18;Ñð;;0;0;0;0;0;0;0;0
17.08.18;×ò;;0;0;0;0;0;0;0;0
18.08.18;Ïò;1;0;0;0;0;1;0;0;0
19.08.18;Ñá;1;0;0;0;0;0;1;0;1
20.08.18;Âñ;;0;0;0;0;0;0;0;0
21.08.18;Ïí;;0;0;0;0;0;0;0;0
22.08.18;Âò;;0;0;0;0;0;0;0;0
23.08.18;Ñð;;0;0;0;0;0;0;0;0
24.08.18;×ò;;0;0;0;0;0;0;0;0
25.08.18;Ïò;;0;0;0;0;0;0;0;0
26.08.18;Ñá;1;0;0;0;0;0;1;0;1
27.08.18;Âñ;1;0;0;0;0;0;0;1;1
28.08.18;Ïí;1;1;0;0;0;0;0;0;0
29.08.18;Âò;1;0;1;0;0;0;0;0;0
30.08.18;Ñð;;0;0;0;0;0;0;0;0
31.08.18;×ò;;0;0;0;0;0;0;0;0
01.09.18;Ïò;1;0;0;0;0;1;0;0;0
02.09.18;Ñá;1;0;0;0;0;0;1;0;1
03.09.18;Âñ;1;0;0;0;0;0;0;1;1
04.09.18;Ïí;;0;0;0;0;0;0;0;0
05.09.18;Âò;;0;0;0;0;0;0;0;0
06.09.18;Ñð;1;0;0;1;0;0;0;0;0
07.09.18;×ò;;0;0;0;0;0;0;0;0
08.09.18;Ïò;1;0;0;0;0;1;0;0;0
09.09.18;Ñá;1;0;0;0;0;0;1;0;1
10.09.18;Âñ;;0;0;0;0;0;0;0;0
11.09.18;Ïí;;0;0;0;0;0;0;0;0
12.09.18;Âò;;0;0;0;0;0;0;0;0
13.09.18;Ñð;;0;0;0;0;0;0;0;0
14.09.18;×ò;;0;0;0;0;0;0;0;0
15.09.18;Ïò;;0;0;0;0;0;0;0;0
16.09.18;Ñá;;0;0;0;0;0;0;0;0
17.09.18;Âñ;1;0;0;0;0;0;0;1;1
18.09.18;Ïí;;0;0;0;0;0;0;0;0
19.09.18;Âò;;0;0;0;0;0;0;0;0
20.09.18;Ñð;;0;0;0;0;0;0;0;0
21.09.18;×ò;;0;0;0;0;0;0;0;0
22.09.18;Ïò;;0;0;0;0;0;0;0;0
23.09.18;Ñá;;0;0;0;0;0;0;0;0
24.09.18;Âñ;;0;0;0;0;0;0;0;0
25.09.18;Ïí;1;1;0;0;0;0;0;0;0
26.09.18;Âò;;0;0;0;0;0;0;0;0
27.09.18;Ñð;;0;0;0;0;0;0;0;0
28.09.18;×ò;;0;0;0;0;0;0;0;0
29.09.18;Ïò;;0;0;0;0;0;0;0;0
30.09.18;Ñá;;0;0;0;0;0;0;0;0
01.10.18;Âñ;;0;0;0;0;0;0;0;0
02.10.18;Ïí;;0;0;0;0;0;0;0;0
03.10.18;Âò;;0;0;0;0;0;0;0;0
04.10.18;Ñð;;0;0;0;0;0;0;0;0
05.10.18;×ò;;0;0;0;0;0;0;0;0
06.10.18;Ïò;;0;0;0;0;0;0;0;0
07.10.18;Ñá;;0;0;0;0;0;0;0;0
08.10.18;Âñ;;0;0;0;0;0;0;0;0
09.10.18;Ïí;;0;0;0;0;0;0;0;0
10.10.18;Âò;;0;0;0;0;0;0;0;0
11.10.18;Ñð;;0;0;0;0;0;0;0;0
12.10.18;×ò;;0;0;0;0;0;0;0;0
13.10.18;Ïò;;0;0;0;0;0;0;0;0
14.10.18;Ñá;;0;0;0;0;0;0;0;0
15.10.18;Âñ;;0;0;0;0;0;0;0;0
16.10.18;Ïí;;0;0;0;0;0;0;0;0
17.10.18;Âò;1;0;1;0;0;0;0;0;0
18.10.18;Ñð;;0;0;0;0;0;0;0;0
19.10.18;×ò;;0;0;0;0;0;0;0;0
20.10.18;Ïò;;0;0;0;0;0;0;0;0
21.10.18;Ñá;;0;0;0;0;0;0;0;0
22.10.18;Âñ;;0;0;0;0;0;0;0;0
23.10.18;Ïí;;0;0;0;0;0;0;0;0
24.10.18;Âò;;0;0;0;0;0;0;0;0
25.10.18;Ñð;;0;0;0;0;0;0;0;0
26.10.18;×ò;1;0;0;0;1;0;0;0;0
27.10.18;Ïò;;0;0;0;0;0;0;0;0
28.10.18;Ñá;1;0;0;0;0;0;1;0;1
29.10.18;Âñ;1;0;0;0;0;0;0;1;1
30.10.18;Ïí;;0;0;0;0;0;0;0;0
31.10.18;Âò;;0;0;0;0;0;0;0;0
01.11.18;Ñð;;0;0;0;0;0;0;0;0
02.11.18;×ò;;0;0;0;0;0;0;0;0
03.11.18;Ïò;;0;0;0;0;0;0;0;0
04.11.18;Ñá;;0;0;0;0;0;0;0;0
05.11.18;Âñ;1;0;0;0;0;0;0;1;1
06.11.18;Ïí;;0;0;0;0;0;0;0;0
07.11.18;Âò;1;0;1;0;0;0;0;0;0
08.11.18;Ñð;;0;0;0;0;0;0;0;0
09.11.18;×ò;;0;0;0;0;0;0;0;0
10.11.18;Ïò;;0;0;0;0;0;0;0;0
11.11.18;Ñá;;0;0;0;0;0;0;0;0
12.11.18;Âñ;1;0;0;0;0;0;0;1;1
13.11.18;Ïí;1;1;0;0;0;0;0;0;0
14.11.18;Âò;;0;0;0;0;0;0;0;0
15.11.18;Ñð;1;0;0;1;0;0;0;0;0
16.11.18;×ò;;0;0;0;0;0;0;0;0
17.11.18;Ïò;;0;0;0;0;0;0;0;0
18.11.18;Ñá;1;0;0;0;0;0;1;0;1
19.11.18;Âñ;;0;0;0;0;0;0;0;0
20.11.18;Ïí;;0;0;0;0;0;0;0;0
21.11.18;Âò;;0;0;0;0;0;0;0;0
22.11.18;Ñð;1;0;0;1;0;0;0;0;0
23.11.18;×ò;;0;0;0;0;0;0;0;0
24.11.18;Ïò;;0;0;0;0;0;0;0;0
25.11.18;Ñá;1;0;0;0;0;0;1;0;1
26.11.18;Âñ;1;0;0;0;0;0;0;1;1
27.11.18;Ïí;;0;0;0;0;0;0;0;0
28.11.18;Âò;1;0;1;0;0;0;0;0;0
29.11.18;Ñð;1;0;0;1;0;0;0;0;0
30.11.18;×ò;;0;0;0;0;0;0;0;0
01.12.18;Ïò;;0;0;0;0;0;0;0;0
02.12.18;Ñá;;0;0;0;0;0;0;0;0
03.12.18;Âñ;;0;0;0;0;0;0;0;0
04.12.18;Ïí;;0;0;0;0;0;0;0;0
05.12.18;Âò;1;0;1;0;0;0;0;0;0
06.12.18;Ñð;;0;0;0;0;0;0;0;0
07.12.18;×ò;;0;0;0;0;0;0;0;0
08.12.18;Ïò;;0;0;0;0;0;0;0;0
09.12.18;Ñá;;0;0;0;0;0;0;0;0
10.12.18;Âñ;;0;0;0;0;0;0;0;0
11.12.18;Ïí;;0;0;0;0;0;0;0;0
12.12.18;Âò;;0;0;0;0;0;0;0;0
13.12.18;Ñð;;0;0;0;0;0;0;0;0
14.12.18;×ò;;0;0;0;0;0;0;0;0
15.12.18;Ïò;;0;0;0;0;0;0;0;0
16.12.18;Ñá;;0;0;0;0;0;0;0;0
17.12.18;Âñ;;0;0;0;0;0;0;0;0
18.12.18;Ïí;1;1;0;0;0;0;0;0;0
19.12.18;Âò;;0;0;0;0;0;0;0;0
20.12.18;Ñð;;0;0;0;0;0;0;0;0
21.12.18;×ò;;0;0;0;0;0;0;0;0
22.12.18;Ïò;;0;0;0;0;0;0;0;0
23.12.18;Ñá;;0;0;0;0;0;0;0;0
24.12.18;Âñ;1;0;0;0;0;0;0;1;1
25.12.18;Ïí;1;1;0;0;0;0;0;0;0
26.12.18;Âò;1;0;1;0;0;0;0;0;0
27.12.18;Ñð;1;0;0;1;0;0;0;0;0
28.12.18;×ò;1;0;0;0;1;0;0;0;0
29.12.18;Ïò;1;0;0;0;0;1;0;0;0
30.12.18;Ñá;;0;0;0;0;0;0;0;0
31.12.18;Âñ;;0;0;0;0;0;0;0;0
